menu,voce,col,user,profile,right,status,http,count,note,endpoint
Analisi Commesse,Commesse,Sup,Stefano,Supervisore,T,FAIL,ERR,,"HTTPSConnectionPool(host='localhost', port=7643): Max retries exceeded with url: /api/commesse/sintesi?anni=2026&take=50&profile=Supervisore (Caused by SSLError(SSLCertVerificationError(1, '[SSL: CERTIFICATE_VERIFY_FAILED] certificate verif",/api/commesse/sintesi
Analisi Commesse,Commesse,RC,lamico,Responsabile Commerciale,T,FAIL,ERR,,"HTTPSConnectionPool(host='localhost', port=7643): Max retries exceeded with url: /api/commesse/sintesi?anni=2026&take=50&profile=Responsabile+Commerciale (Caused by SSLError(SSLCertVerificationError(1, '[SSL: CERTIFICATE_VERIFY_FAILED] cert",/api/commesse/sintesi
Analisi Commesse,Commesse,RCC,aaltana,Responsabile Commerciale Commessa,P,FAIL,ERR,,"HTTPSConnectionPool(host='localhost', port=7643): Max retries exceeded with url: /api/commesse/sintesi?anni=2026&take=50&profile=Responsabile+Commerciale+Commessa (Caused by SSLError(SSLCertVerificationError(1, '[SSL: CERTIFICATE_VERIFY_FAI",/api/commesse/sintesi
Analisi Commesse,Commesse,RP,eragusa,Responsabile Produzione,T,FAIL,ERR,,"HTTPSConnectionPool(host='localhost', port=7643): Max retries exceeded with url: /api/commesse/sintesi?anni=2026&take=50&profile=Responsabile+Produzione (Caused by SSLError(SSLCertVerificationError(1, '[SSL: CERTIFICATE_VERIFY_FAILED] certi",/api/commesse/sintesi
Analisi Commesse,Commesse,PM,rguafnaccia,Project Manager,P,FAIL,ERR,,"HTTPSConnectionPool(host='localhost', port=7643): Max retries exceeded with url: /api/commesse/sintesi?anni=2026&take=50&profile=Project+Manager (Caused by SSLError(SSLCertVerificationError(1, '[SSL: CERTIFICATE_VERIFY_FAILED] certificate v",/api/commesse/sintesi
Analisi Commesse,Commesse,GPM,ccampione,General Project Manager,T,FAIL,ERR,,"HTTPSConnectionPool(host='localhost', port=7643): Max retries exceeded with url: /api/commesse/sintesi?anni=2026&take=50&profile=General+Project+Manager (Caused by SSLError(SSLCertVerificationError(1, '[SSL: CERTIFICATE_VERIFY_FAILED] certi",/api/commesse/sintesi
Analisi Commesse,Commesse,HR,agarilli,Risorse Umane,-,FAIL,ERR,,"HTTPSConnectionPool(host='localhost', port=7643): Max retries exceeded with url: /api/commesse/sintesi?anni=2026&take=50&profile=Risorse+Umane (Caused by SSLError(SSLCertVerificationError(1, '[SSL: CERTIFICATE_VERIFY_FAILED] certificate ver",/api/commesse/sintesi
Analisi Commesse,Commesse,ROU,ascuderi,Responsabile OU,P,FAIL,ERR,,"HTTPSConnectionPool(host='localhost', port=7643): Max retries exceeded with url: /api/commesse/sintesi?anni=2026&take=50&profile=Responsabile+OU (Caused by SSLError(SSLCertVerificationError(1, '[SSL: CERTIFICATE_VERIFY_FAILED] certificate v",/api/commesse/sintesi
Analisi Commesse,Prodotti,Sup,Stefano,Supervisore,T,FAIL,ERR,,"HTTPSConnectionPool(host='localhost', port=7643): Max retries exceeded with url: /api/prodotti/sintesi?anni=2026&take=50&profile=Supervisore (Caused by SSLError(SSLCertVerificationError(1, '[SSL: CERTIFICATE_VERIFY_FAILED] certificate verif",/api/prodotti/sintesi
Analisi Commesse,Prodotti,RC,lamico,Responsabile Commerciale,T,FAIL,ERR,,"HTTPSConnectionPool(host='localhost', port=7643): Max retries exceeded with url: /api/prodotti/sintesi?anni=2026&take=50&profile=Responsabile+Commerciale (Caused by SSLError(SSLCertVerificationError(1, '[SSL: CERTIFICATE_VERIFY_FAILED] cert",/api/prodotti/sintesi
Analisi Commesse,Prodotti,RCC,aaltana,Responsabile Commerciale Commessa,P,FAIL,ERR,,"HTTPSConnectionPool(host='localhost', port=7643): Max retries exceeded with url: /api/prodotti/sintesi?anni=2026&take=50&profile=Responsabile+Commerciale+Commessa (Caused by SSLError(SSLCertVerificationError(1, '[SSL: CERTIFICATE_VERIFY_FAI",/api/prodotti/sintesi
Analisi Commesse,Prodotti,RP,eragusa,Responsabile Produzione,T,FAIL,ERR,,"HTTPSConnectionPool(host='localhost', port=7643): Max retries exceeded with url: /api/prodotti/sintesi?anni=2026&take=50&profile=Responsabile+Produzione (Caused by SSLError(SSLCertVerificationError(1, '[SSL: CERTIFICATE_VERIFY_FAILED] certi",/api/prodotti/sintesi
Analisi Commesse,Prodotti,PM,rguafnaccia,Project Manager,P,FAIL,ERR,,"HTTPSConnectionPool(host='localhost', port=7643): Max retries exceeded with url: /api/prodotti/sintesi?anni=2026&take=50&profile=Project+Manager (Caused by SSLError(SSLCertVerificationError(1, '[SSL: CERTIFICATE_VERIFY_FAILED] certificate v",/api/prodotti/sintesi
Analisi Commesse,Prodotti,GPM,ccampione,General Project Manager,T,FAIL,ERR,,"HTTPSConnectionPool(host='localhost', port=7643): Max retries exceeded with url: /api/prodotti/sintesi?anni=2026&take=50&profile=General+Project+Manager (Caused by SSLError(SSLCertVerificationError(1, '[SSL: CERTIFICATE_VERIFY_FAILED] certi",/api/prodotti/sintesi
Analisi Commesse,Prodotti,HR,agarilli,Risorse Umane,-,FAIL,ERR,,"HTTPSConnectionPool(host='localhost', port=7643): Max retries exceeded with url: /api/prodotti/sintesi?anni=2026&take=50&profile=Risorse+Umane (Caused by SSLError(SSLCertVerificationError(1, '[SSL: CERTIFICATE_VERIFY_FAILED] certificate ver",/api/prodotti/sintesi
Analisi Commesse,Prodotti,ROU,ascuderi,Responsabile OU,P,FAIL,ERR,,"HTTPSConnectionPool(host='localhost', port=7643): Max retries exceeded with url: /api/prodotti/sintesi?anni=2026&take=50&profile=Responsabile+OU (Caused by SSLError(SSLCertVerificationError(1, '[SSL: CERTIFICATE_VERIFY_FAILED] certificate v",/api/prodotti/sintesi
Analisi Commesse,Andamento Mensile,Sup,Stefano,Supervisore,T,FAIL,ERR,,"HTTPSConnectionPool(host='localhost', port=7643): Max retries exceeded with url: /api/commesse/andamento-mensile?anni=2026&take=50&profile=Supervisore (Caused by SSLError(SSLCertVerificationError(1, '[SSL: CERTIFICATE_VERIFY_FAILED] certifi",/api/commesse/andamento-mensile
Analisi Commesse,Andamento Mensile,RC,lamico,Responsabile Commerciale,T,FAIL,ERR,,"HTTPSConnectionPool(host='localhost', port=7643): Max retries exceeded with url: /api/commesse/andamento-mensile?anni=2026&take=50&profile=Responsabile+Commerciale (Caused by SSLError(SSLCertVerificationError(1, '[SSL: CERTIFICATE_VERIFY_FA",/api/commesse/andamento-mensile
Analisi Commesse,Andamento Mensile,RCC,aaltana,Responsabile Commerciale Commessa,P,FAIL,ERR,,"HTTPSConnectionPool(host='localhost', port=7643): Max retries exceeded with url: /api/commesse/andamento-mensile?anni=2026&take=50&profile=Responsabile+Commerciale+Commessa (Caused by SSLError(SSLCertVerificationError(1, '[SSL: CERTIFICATE_",/api/commesse/andamento-mensile
Analisi Commesse,Andamento Mensile,RP,eragusa,Responsabile Produzione,T,FAIL,ERR,,"HTTPSConnectionPool(host='localhost', port=7643): Max retries exceeded with url: /api/commesse/andamento-mensile?anni=2026&take=50&profile=Responsabile+Produzione (Caused by SSLError(SSLCertVerificationError(1, '[SSL: CERTIFICATE_VERIFY_FAI",/api/commesse/andamento-mensile
Analisi Commesse,Andamento Mensile,PM,rguafnaccia,Project Manager,P,FAIL,ERR,,"HTTPSConnectionPool(host='localhost', port=7643): Max retries exceeded with url: /api/commesse/andamento-mensile?anni=2026&take=50&profile=Project+Manager (Caused by SSLError(SSLCertVerificationError(1, '[SSL: CERTIFICATE_VERIFY_FAILED] cer",/api/commesse/andamento-mensile
Analisi Commesse,Andamento Mensile,GPM,ccampione,General Project Manager,T,FAIL,ERR,,"HTTPSConnectionPool(host='localhost', port=7643): Max retries exceeded with url: /api/commesse/andamento-mensile?anni=2026&take=50&profile=General+Project+Manager (Caused by SSLError(SSLCertVerificationError(1, '[SSL: CERTIFICATE_VERIFY_FAI",/api/commesse/andamento-mensile
Analisi Commesse,Andamento Mensile,HR,agarilli,Risorse Umane,-,FAIL,ERR,,"HTTPSConnectionPool(host='localhost', port=7643): Max retries exceeded with url: /api/commesse/andamento-mensile?anni=2026&take=50&profile=Risorse+Umane (Caused by SSLError(SSLCertVerificationError(1, '[SSL: CERTIFICATE_VERIFY_FAILED] certi",/api/commesse/andamento-mensile
Analisi Commesse,Andamento Mensile,ROU,ascuderi,Responsabile OU,P,FAIL,ERR,,"HTTPSConnectionPool(host='localhost', port=7643): Max retries exceeded with url: /api/commesse/andamento-mensile?anni=2026&take=50&profile=Responsabile+OU (Caused by SSLError(SSLCertVerificationError(1, '[SSL: CERTIFICATE_VERIFY_FAILED] cer",/api/commesse/andamento-mensile
Analisi Commesse,Dati Annuali Aggregati,Sup,Stefano,Supervisore,T,FAIL,ERR,,"HTTPSConnectionPool(host='localhost', port=7643): Max retries exceeded with url: /api/commesse/dati-annuali-aggregati?anni=2026&aggregazione=rcc&profile=Supervisore (Caused by SSLError(SSLCertVerificationError(1, '[SSL: CERTIFICATE_VERIFY_F",/api/commesse/dati-annuali-aggregati
Analisi Commesse,Dati Annuali Aggregati,RC,lamico,Responsabile Commerciale,T,FAIL,ERR,,"HTTPSConnectionPool(host='localhost', port=7643): Max retries exceeded with url: /api/commesse/dati-annuali-aggregati?anni=2026&aggregazione=rcc&profile=Responsabile+Commerciale (Caused by SSLError(SSLCertVerificationError(1, '[SSL: CERTIFI",/api/commesse/dati-annuali-aggregati
Analisi Commesse,Dati Annuali Aggregati,RCC,aaltana,Responsabile Commerciale Commessa,P,FAIL,ERR,,"HTTPSConnectionPool(host='localhost', port=7643): Max retries exceeded with url: /api/commesse/dati-annuali-aggregati?anni=2026&aggregazione=rcc&profile=Responsabile+Commerciale+Commessa (Caused by SSLError(SSLCertVerificationError(1, '[SSL",/api/commesse/dati-annuali-aggregati
Analisi Commesse,Dati Annuali Aggregati,RP,eragusa,Responsabile Produzione,T,FAIL,ERR,,"HTTPSConnectionPool(host='localhost', port=7643): Max retries exceeded with url: /api/commesse/dati-annuali-aggregati?anni=2026&aggregazione=rcc&profile=Responsabile+Produzione (Caused by SSLError(SSLCertVerificationError(1, '[SSL: CERTIFIC",/api/commesse/dati-annuali-aggregati
Analisi Commesse,Dati Annuali Aggregati,PM,rguafnaccia,Project Manager,P,FAIL,ERR,,"HTTPSConnectionPool(host='localhost', port=7643): Max retries exceeded with url: /api/commesse/dati-annuali-aggregati?anni=2026&aggregazione=rcc&profile=Project+Manager (Caused by SSLError(SSLCertVerificationError(1, '[SSL: CERTIFICATE_VERI",/api/commesse/dati-annuali-aggregati
Analisi Commesse,Dati Annuali Aggregati,GPM,ccampione,General Project Manager,T,FAIL,ERR,,"HTTPSConnectionPool(host='localhost', port=7643): Max retries exceeded with url: /api/commesse/dati-annuali-aggregati?anni=2026&aggregazione=rcc&profile=General+Project+Manager (Caused by SSLError(SSLCertVerificationError(1, '[SSL: CERTIFIC",/api/commesse/dati-annuali-aggregati
Analisi Commesse,Dati Annuali Aggregati,HR,agarilli,Risorse Umane,-,FAIL,ERR,,"HTTPSConnectionPool(host='localhost', port=7643): Max retries exceeded with url: /api/commesse/dati-annuali-aggregati?anni=2026&aggregazione=rcc&profile=Risorse+Umane (Caused by SSLError(SSLCertVerificationError(1, '[SSL: CERTIFICATE_VERIFY",/api/commesse/dati-annuali-aggregati
Analisi Commesse,Dati Annuali Aggregati,ROU,ascuderi,Responsabile OU,P,FAIL,ERR,,"HTTPSConnectionPool(host='localhost', port=7643): Max retries exceeded with url: /api/commesse/dati-annuali-aggregati?anni=2026&aggregazione=rcc&profile=Responsabile+OU (Caused by SSLError(SSLCertVerificationError(1, '[SSL: CERTIFICATE_VERI",/api/commesse/dati-annuali-aggregati
Analisi Commesse,Commesse Anomale,Sup,Stefano,Supervisore,T,FAIL,ERR,,"HTTPSConnectionPool(host='localhost', port=7643): Max retries exceeded with url: /api/commesse/anomale?take=200&profile=Supervisore (Caused by SSLError(SSLCertVerificationError(1, '[SSL: CERTIFICATE_VERIFY_FAILED] certificate verify failed:",/api/commesse/anomale
Analisi Commesse,Commesse Anomale,RC,lamico,Responsabile Commerciale,T,FAIL,ERR,,"HTTPSConnectionPool(host='localhost', port=7643): Max retries exceeded with url: /api/commesse/anomale?take=200&profile=Responsabile+Commerciale (Caused by SSLError(SSLCertVerificationError(1, '[SSL: CERTIFICATE_VERIFY_FAILED] certificate v",/api/commesse/anomale
Analisi Commesse,Commesse Anomale,RCC,aaltana,Responsabile Commerciale Commessa,P,FAIL,ERR,,"HTTPSConnectionPool(host='localhost', port=7643): Max retries exceeded with url: /api/commesse/anomale?take=200&profile=Responsabile+Commerciale+Commessa (Caused by SSLError(SSLCertVerificationError(1, '[SSL: CERTIFICATE_VERIFY_FAILED] cert",/api/commesse/anomale
Analisi Commesse,Commesse Anomale,RP,eragusa,Responsabile Produzione,T,FAIL,ERR,,"HTTPSConnectionPool(host='localhost', port=7643): Max retries exceeded with url: /api/commesse/anomale?take=200&profile=Responsabile+Produzione (Caused by SSLError(SSLCertVerificationError(1, '[SSL: CERTIFICATE_VERIFY_FAILED] certificate ve",/api/commesse/anomale
Analisi Commesse,Commesse Anomale,PM,rguafnaccia,Project Manager,P,FAIL,ERR,,"HTTPSConnectionPool(host='localhost', port=7643): Max retries exceeded with url: /api/commesse/anomale?take=200&profile=Project+Manager (Caused by SSLError(SSLCertVerificationError(1, '[SSL: CERTIFICATE_VERIFY_FAILED] certificate verify fai",/api/commesse/anomale
Analisi Commesse,Commesse Anomale,GPM,ccampione,General Project Manager,T,FAIL,ERR,,"HTTPSConnectionPool(host='localhost', port=7643): Max retries exceeded with url: /api/commesse/anomale?take=200&profile=General+Project+Manager (Caused by SSLError(SSLCertVerificationError(1, '[SSL: CERTIFICATE_VERIFY_FAILED] certificate ve",/api/commesse/anomale
Analisi Commesse,Commesse Anomale,HR,agarilli,Risorse Umane,-,FAIL,ERR,,"HTTPSConnectionPool(host='localhost', port=7643): Max retries exceeded with url: /api/commesse/anomale?take=200&profile=Risorse+Umane (Caused by SSLError(SSLCertVerificationError(1, '[SSL: CERTIFICATE_VERIFY_FAILED] certificate verify faile",/api/commesse/anomale
Analisi Commesse,Commesse Anomale,ROU,ascuderi,Responsabile OU,P,FAIL,ERR,,"HTTPSConnectionPool(host='localhost', port=7643): Max retries exceeded with url: /api/commesse/anomale?take=200&profile=Responsabile+OU (Caused by SSLError(SSLCertVerificationError(1, '[SSL: CERTIFICATE_VERIFY_FAILED] certificate verify fai",/api/commesse/anomale
Analisi Commesse,Utile Mensile RCC,Sup,Stefano,Supervisore,T,FAIL,ERR,,"HTTPSConnectionPool(host='localhost', port=7643): Max retries exceeded with url: /api/analisi-rcc/utile-mensile-rcc?anni=2026&profile=Supervisore (Caused by SSLError(SSLCertVerificationError(1, '[SSL: CERTIFICATE_VERIFY_FAILED] certificate ",/api/analisi-rcc/utile-mensile-rcc
Analisi Commesse,Utile Mensile RCC,RC,lamico,Responsabile Commerciale,T,FAIL,ERR,,"HTTPSConnectionPool(host='localhost', port=7643): Max retries exceeded with url: /api/analisi-rcc/utile-mensile-rcc?anni=2026&profile=Responsabile+Commerciale (Caused by SSLError(SSLCertVerificationError(1, '[SSL: CERTIFICATE_VERIFY_FAILED]",/api/analisi-rcc/utile-mensile-rcc
Analisi Commesse,Utile Mensile RCC,RCC,aaltana,Responsabile Commerciale Commessa,P,FAIL,ERR,,"HTTPSConnectionPool(host='localhost', port=7643): Max retries exceeded with url: /api/analisi-rcc/utile-mensile-rcc?anni=2026&profile=Responsabile+Commerciale+Commessa (Caused by SSLError(SSLCertVerificationError(1, '[SSL: CERTIFICATE_VERIF",/api/analisi-rcc/utile-mensile-rcc
Analisi Commesse,Utile Mensile RCC,RP,eragusa,Responsabile Produzione,T,FAIL,ERR,,"HTTPSConnectionPool(host='localhost', port=7643): Max retries exceeded with url: /api/analisi-rcc/utile-mensile-rcc?anni=2026&profile=Responsabile+Produzione (Caused by SSLError(SSLCertVerificationError(1, '[SSL: CERTIFICATE_VERIFY_FAILED] ",/api/analisi-rcc/utile-mensile-rcc
Analisi Commesse,Utile Mensile RCC,PM,rguafnaccia,Project Manager,-,FAIL,ERR,,"HTTPSConnectionPool(host='localhost', port=7643): Max retries exceeded with url: /api/analisi-rcc/utile-mensile-rcc?anni=2026&profile=Project+Manager (Caused by SSLError(SSLCertVerificationError(1, '[SSL: CERTIFICATE_VERIFY_FAILED] certific",/api/analisi-rcc/utile-mensile-rcc
Analisi Commesse,Utile Mensile RCC,GPM,ccampione,General Project Manager,-,FAIL,ERR,,"HTTPSConnectionPool(host='localhost', port=7643): Max retries exceeded with url: /api/analisi-rcc/utile-mensile-rcc?anni=2026&profile=General+Project+Manager (Caused by SSLError(SSLCertVerificationError(1, '[SSL: CERTIFICATE_VERIFY_FAILED] ",/api/analisi-rcc/utile-mensile-rcc
Analisi Commesse,Utile Mensile RCC,HR,agarilli,Risorse Umane,-,FAIL,ERR,,"HTTPSConnectionPool(host='localhost', port=7643): Max retries exceeded with url: /api/analisi-rcc/utile-mensile-rcc?anni=2026&profile=Risorse+Umane (Caused by SSLError(SSLCertVerificationError(1, '[SSL: CERTIFICATE_VERIFY_FAILED] certificat",/api/analisi-rcc/utile-mensile-rcc
Analisi Commesse,Utile Mensile RCC,ROU,ascuderi,Responsabile OU,P,FAIL,ERR,,"HTTPSConnectionPool(host='localhost', port=7643): Max retries exceeded with url: /api/analisi-rcc/utile-mensile-rcc?anni=2026&profile=Responsabile+OU (Caused by SSLError(SSLCertVerificationError(1, '[SSL: CERTIFICATE_VERIFY_FAILED] certific",/api/analisi-rcc/utile-mensile-rcc
Analisi Commesse,Utile Mensile BU,Sup,Stefano,Supervisore,T,FAIL,ERR,,"HTTPSConnectionPool(host='localhost', port=7643): Max retries exceeded with url: /api/analisi-rcc/utile-mensile-bu?anni=2026&profile=Supervisore (Caused by SSLError(SSLCertVerificationError(1, '[SSL: CERTIFICATE_VERIFY_FAILED] certificate v",/api/analisi-rcc/utile-mensile-bu
Analisi Commesse,Utile Mensile BU,RC,lamico,Responsabile Commerciale,T,FAIL,ERR,,"HTTPSConnectionPool(host='localhost', port=7643): Max retries exceeded with url: /api/analisi-rcc/utile-mensile-bu?anni=2026&profile=Responsabile+Commerciale (Caused by SSLError(SSLCertVerificationError(1, '[SSL: CERTIFICATE_VERIFY_FAILED] ",/api/analisi-rcc/utile-mensile-bu
Analisi Commesse,Utile Mensile BU,RCC,aaltana,Responsabile Commerciale Commessa,P,FAIL,ERR,,"HTTPSConnectionPool(host='localhost', port=7643): Max retries exceeded with url: /api/analisi-rcc/utile-mensile-bu?anni=2026&profile=Responsabile+Commerciale+Commessa (Caused by SSLError(SSLCertVerificationError(1, '[SSL: CERTIFICATE_VERIFY",/api/analisi-rcc/utile-mensile-bu
Analisi Commesse,Utile Mensile BU,RP,eragusa,Responsabile Produzione,T,FAIL,ERR,,"HTTPSConnectionPool(host='localhost', port=7643): Max retries exceeded with url: /api/analisi-rcc/utile-mensile-bu?anni=2026&profile=Responsabile+Produzione (Caused by SSLError(SSLCertVerificationError(1, '[SSL: CERTIFICATE_VERIFY_FAILED] c",/api/analisi-rcc/utile-mensile-bu
Analisi Commesse,Utile Mensile BU,PM,rguafnaccia,Project Manager,-,FAIL,ERR,,"HTTPSConnectionPool(host='localhost', port=7643): Max retries exceeded with url: /api/analisi-rcc/utile-mensile-bu?anni=2026&profile=Project+Manager (Caused by SSLError(SSLCertVerificationError(1, '[SSL: CERTIFICATE_VERIFY_FAILED] certifica",/api/analisi-rcc/utile-mensile-bu
Analisi Commesse,Utile Mensile BU,GPM,ccampione,General Project Manager,-,FAIL,ERR,,"HTTPSConnectionPool(host='localhost', port=7643): Max retries exceeded with url: /api/analisi-rcc/utile-mensile-bu?anni=2026&profile=General+Project+Manager (Caused by SSLError(SSLCertVerificationError(1, '[SSL: CERTIFICATE_VERIFY_FAILED] c",/api/analisi-rcc/utile-mensile-bu
Analisi Commesse,Utile Mensile BU,HR,agarilli,Risorse Umane,-,FAIL,ERR,,"HTTPSConnectionPool(host='localhost', port=7643): Max retries exceeded with url: /api/analisi-rcc/utile-mensile-bu?anni=2026&profile=Risorse+Umane (Caused by SSLError(SSLCertVerificationError(1, '[SSL: CERTIFICATE_VERIFY_FAILED] certificate",/api/analisi-rcc/utile-mensile-bu
Analisi Commesse,Utile Mensile BU,ROU,ascuderi,Responsabile OU,P,FAIL,ERR,,"HTTPSConnectionPool(host='localhost', port=7643): Max retries exceeded with url: /api/analisi-rcc/utile-mensile-bu?anni=2026&profile=Responsabile+OU (Caused by SSLError(SSLCertVerificationError(1, '[SSL: CERTIFICATE_VERIFY_FAILED] certifica",/api/analisi-rcc/utile-mensile-bu
Analisi Risorse,Valutazione Annuale,Sup,Stefano,Supervisore,T,FAIL,ERR,,"HTTPSConnectionPool(host='localhost', port=7643): Max retries exceeded with url: /api/commesse/risorse/valutazione?mensile=false&take=100&profile=Supervisore (Caused by SSLError(SSLCertVerificationError(1, '[SSL: CERTIFICATE_VERIFY_FAILED] ",/api/commesse/risorse/valutazione
Analisi Risorse,Valutazione Annuale,RC,lamico,Responsabile Commerciale,T,FAIL,ERR,,"HTTPSConnectionPool(host='localhost', port=7643): Max retries exceeded with url: /api/commesse/risorse/valutazione?mensile=false&take=100&profile=Responsabile+Commerciale (Caused by SSLError(SSLCertVerificationError(1, '[SSL: CERTIFICATE_VE",/api/commesse/risorse/valutazione
Analisi Risorse,Valutazione Annuale,RCC,aaltana,Responsabile Commerciale Commessa,P,FAIL,ERR,,"HTTPSConnectionPool(host='localhost', port=7643): Max retries exceeded with url: /api/commesse/risorse/valutazione?mensile=false&take=100&profile=Responsabile+Commerciale+Commessa (Caused by SSLError(SSLCertVerificationError(1, '[SSL: CERTI",/api/commesse/risorse/valutazione
Analisi Risorse,Valutazione Annuale,RP,eragusa,Responsabile Produzione,T,FAIL,ERR,,"HTTPSConnectionPool(host='localhost', port=7643): Max retries exceeded with url: /api/commesse/risorse/valutazione?mensile=false&take=100&profile=Responsabile+Produzione (Caused by SSLError(SSLCertVerificationError(1, '[SSL: CERTIFICATE_VER",/api/commesse/risorse/valutazione
Analisi Risorse,Valutazione Annuale,PM,rguafnaccia,Project Manager,-,FAIL,ERR,,"HTTPSConnectionPool(host='localhost', port=7643): Max retries exceeded with url: /api/commesse/risorse/valutazione?mensile=false&take=100&profile=Project+Manager (Caused by SSLError(SSLCertVerificationError(1, '[SSL: CERTIFICATE_VERIFY_FAIL",/api/commesse/risorse/valutazione
Analisi Risorse,Valutazione Annuale,GPM,ccampione,General Project Manager,-,FAIL,ERR,,"HTTPSConnectionPool(host='localhost', port=7643): Max retries exceeded with url: /api/commesse/risorse/valutazione?mensile=false&take=100&profile=General+Project+Manager (Caused by SSLError(SSLCertVerificationError(1, '[SSL: CERTIFICATE_VER",/api/commesse/risorse/valutazione
Analisi Risorse,Valutazione Annuale,HR,agarilli,Risorse Umane,T,FAIL,ERR,,"HTTPSConnectionPool(host='localhost', port=7643): Max retries exceeded with url: /api/commesse/risorse/valutazione?mensile=false&take=100&profile=Risorse+Umane (Caused by SSLError(SSLCertVerificationError(1, '[SSL: CERTIFICATE_VERIFY_FAILED",/api/commesse/risorse/valutazione
Analisi Risorse,Valutazione Annuale,ROU,ascuderi,Responsabile OU,P,FAIL,ERR,,"HTTPSConnectionPool(host='localhost', port=7643): Max retries exceeded with url: /api/commesse/risorse/valutazione?mensile=false&take=100&profile=Responsabile+OU (Caused by SSLError(SSLCertVerificationError(1, '[SSL: CERTIFICATE_VERIFY_FAIL",/api/commesse/risorse/valutazione
Analisi Risorse,Pivot Annuale,Sup,Stefano,Supervisore,T,FAIL,ERR,,"HTTPSConnectionPool(host='localhost', port=7643): Max retries exceeded with url: /api/commesse/risorse/valutazione?mensile=false&take=100&profile=Supervisore (Caused by SSLError(SSLCertVerificationError(1, '[SSL: CERTIFICATE_VERIFY_FAILED] ",/api/commesse/risorse/valutazione
Analisi Risorse,Pivot Annuale,RC,lamico,Responsabile Commerciale,T,FAIL,ERR,,"HTTPSConnectionPool(host='localhost', port=7643): Max retries exceeded with url: /api/commesse/risorse/valutazione?mensile=false&take=100&profile=Responsabile+Commerciale (Caused by SSLError(SSLCertVerificationError(1, '[SSL: CERTIFICATE_VE",/api/commesse/risorse/valutazione
Analisi Risorse,Pivot Annuale,RCC,aaltana,Responsabile Commerciale Commessa,P,FAIL,ERR,,"HTTPSConnectionPool(host='localhost', port=7643): Max retries exceeded with url: /api/commesse/risorse/valutazione?mensile=false&take=100&profile=Responsabile+Commerciale+Commessa (Caused by SSLError(SSLCertVerificationError(1, '[SSL: CERTI",/api/commesse/risorse/valutazione
Analisi Risorse,Pivot Annuale,RP,eragusa,Responsabile Produzione,T,FAIL,ERR,,"HTTPSConnectionPool(host='localhost', port=7643): Max retries exceeded with url: /api/commesse/risorse/valutazione?mensile=false&take=100&profile=Responsabile+Produzione (Caused by SSLError(SSLCertVerificationError(1, '[SSL: CERTIFICATE_VER",/api/commesse/risorse/valutazione
Analisi Risorse,Pivot Annuale,PM,rguafnaccia,Project Manager,-,FAIL,ERR,,"HTTPSConnectionPool(host='localhost', port=7643): Max retries exceeded with url: /api/commesse/risorse/valutazione?mensile=false&take=100&profile=Project+Manager (Caused by SSLError(SSLCertVerificationError(1, '[SSL: CERTIFICATE_VERIFY_FAIL",/api/commesse/risorse/valutazione
Analisi Risorse,Pivot Annuale,GPM,ccampione,General Project Manager,-,FAIL,ERR,,"HTTPSConnectionPool(host='localhost', port=7643): Max retries exceeded with url: /api/commesse/risorse/valutazione?mensile=false&take=100&profile=General+Project+Manager (Caused by SSLError(SSLCertVerificationError(1, '[SSL: CERTIFICATE_VER",/api/commesse/risorse/valutazione
Analisi Risorse,Pivot Annuale,HR,agarilli,Risorse Umane,T,FAIL,ERR,,"HTTPSConnectionPool(host='localhost', port=7643): Max retries exceeded with url: /api/commesse/risorse/valutazione?mensile=false&take=100&profile=Risorse+Umane (Caused by SSLError(SSLCertVerificationError(1, '[SSL: CERTIFICATE_VERIFY_FAILED",/api/commesse/risorse/valutazione
Analisi Risorse,Pivot Annuale,ROU,ascuderi,Responsabile OU,P,FAIL,ERR,,"HTTPSConnectionPool(host='localhost', port=7643): Max retries exceeded with url: /api/commesse/risorse/valutazione?mensile=false&take=100&profile=Responsabile+OU (Caused by SSLError(SSLCertVerificationError(1, '[SSL: CERTIFICATE_VERIFY_FAIL",/api/commesse/risorse/valutazione
Analisi Risorse,Valutazione Mensile,Sup,Stefano,Supervisore,T,FAIL,ERR,,"HTTPSConnectionPool(host='localhost', port=7643): Max retries exceeded with url: /api/commesse/risorse/valutazione?mensile=true&anni=2026&take=100&profile=Supervisore (Caused by SSLError(SSLCertVerificationError(1, '[SSL: CERTIFICATE_VERIFY",/api/commesse/risorse/valutazione
Analisi Risorse,Valutazione Mensile,RC,lamico,Responsabile Commerciale,T,FAIL,ERR,,"HTTPSConnectionPool(host='localhost', port=7643): Max retries exceeded with url: /api/commesse/risorse/valutazione?mensile=true&anni=2026&take=100&profile=Responsabile+Commerciale (Caused by SSLError(SSLCertVerificationError(1, '[SSL: CERTI",/api/commesse/risorse/valutazione
Analisi Risorse,Valutazione Mensile,RCC,aaltana,Responsabile Commerciale Commessa,P,FAIL,ERR,,"HTTPSConnectionPool(host='localhost', port=7643): Max retries exceeded with url: /api/commesse/risorse/valutazione?mensile=true&anni=2026&take=100&profile=Responsabile+Commerciale+Commessa (Caused by SSLError(SSLCertVerificationError(1, '[S",/api/commesse/risorse/valutazione
Analisi Risorse,Valutazione Mensile,RP,eragusa,Responsabile Produzione,T,FAIL,ERR,,"HTTPSConnectionPool(host='localhost', port=7643): Max retries exceeded with url: /api/commesse/risorse/valutazione?mensile=true&anni=2026&take=100&profile=Responsabile+Produzione (Caused by SSLError(SSLCertVerificationError(1, '[SSL: CERTIF",/api/commesse/risorse/valutazione
Analisi Risorse,Valutazione Mensile,PM,rguafnaccia,Project Manager,-,FAIL,ERR,,"HTTPSConnectionPool(host='localhost', port=7643): Max retries exceeded with url: /api/commesse/risorse/valutazione?mensile=true&anni=2026&take=100&profile=Project+Manager (Caused by SSLError(SSLCertVerificationError(1, '[SSL: CERTIFICATE_VE",/api/commesse/risorse/valutazione
Analisi Risorse,Valutazione Mensile,GPM,ccampione,General Project Manager,-,FAIL,ERR,,"HTTPSConnectionPool(host='localhost', port=7643): Max retries exceeded with url: /api/commesse/risorse/valutazione?mensile=true&anni=2026&take=100&profile=General+Project+Manager (Caused by SSLError(SSLCertVerificationError(1, '[SSL: CERTIF",/api/commesse/risorse/valutazione
Analisi Risorse,Valutazione Mensile,HR,agarilli,Risorse Umane,T,FAIL,ERR,,"HTTPSConnectionPool(host='localhost', port=7643): Max retries exceeded with url: /api/commesse/risorse/valutazione?mensile=true&anni=2026&take=100&profile=Risorse+Umane (Caused by SSLError(SSLCertVerificationError(1, '[SSL: CERTIFICATE_VERI",/api/commesse/risorse/valutazione
Analisi Risorse,Valutazione Mensile,ROU,ascuderi,Responsabile OU,P,FAIL,ERR,,"HTTPSConnectionPool(host='localhost', port=7643): Max retries exceeded with url: /api/commesse/risorse/valutazione?mensile=true&anni=2026&take=100&profile=Responsabile+OU (Caused by SSLError(SSLCertVerificationError(1, '[SSL: CERTIFICATE_VE",/api/commesse/risorse/valutazione
Analisi Risorse,Pivot Mensile,Sup,Stefano,Supervisore,T,FAIL,ERR,,"HTTPSConnectionPool(host='localhost', port=7643): Max retries exceeded with url: /api/commesse/risorse/valutazione?mensile=true&anni=2026&take=100&profile=Supervisore (Caused by SSLError(SSLCertVerificationError(1, '[SSL: CERTIFICATE_VERIFY",/api/commesse/risorse/valutazione
Analisi Risorse,Pivot Mensile,RC,lamico,Responsabile Commerciale,T,FAIL,ERR,,"HTTPSConnectionPool(host='localhost', port=7643): Max retries exceeded with url: /api/commesse/risorse/valutazione?mensile=true&anni=2026&take=100&profile=Responsabile+Commerciale (Caused by SSLError(SSLCertVerificationError(1, '[SSL: CERTI",/api/commesse/risorse/valutazione
Analisi Risorse,Pivot Mensile,RCC,aaltana,Responsabile Commerciale Commessa,P,FAIL,ERR,,"HTTPSConnectionPool(host='localhost', port=7643): Max retries exceeded with url: /api/commesse/risorse/valutazione?mensile=true&anni=2026&take=100&profile=Responsabile+Commerciale+Commessa (Caused by SSLError(SSLCertVerificationError(1, '[S",/api/commesse/risorse/valutazione
Analisi Risorse,Pivot Mensile,RP,eragusa,Responsabile Produzione,T,FAIL,ERR,,"HTTPSConnectionPool(host='localhost', port=7643): Max retries exceeded with url: /api/commesse/risorse/valutazione?mensile=true&anni=2026&take=100&profile=Responsabile+Produzione (Caused by SSLError(SSLCertVerificationError(1, '[SSL: CERTIF",/api/commesse/risorse/valutazione
Analisi Risorse,Pivot Mensile,PM,rguafnaccia,Project Manager,-,FAIL,ERR,,"HTTPSConnectionPool(host='localhost', port=7643): Max retries exceeded with url: /api/commesse/risorse/valutazione?mensile=true&anni=2026&take=100&profile=Project+Manager (Caused by SSLError(SSLCertVerificationError(1, '[SSL: CERTIFICATE_VE",/api/commesse/risorse/valutazione
Analisi Risorse,Pivot Mensile,GPM,ccampione,General Project Manager,-,FAIL,ERR,,"HTTPSConnectionPool(host='localhost', port=7643): Max retries exceeded with url: /api/commesse/risorse/valutazione?mensile=true&anni=2026&take=100&profile=General+Project+Manager (Caused by SSLError(SSLCertVerificationError(1, '[SSL: CERTIF",/api/commesse/risorse/valutazione
Analisi Risorse,Pivot Mensile,HR,agarilli,Risorse Umane,T,FAIL,ERR,,"HTTPSConnectionPool(host='localhost', port=7643): Max retries exceeded with url: /api/commesse/risorse/valutazione?mensile=true&anni=2026&take=100&profile=Risorse+Umane (Caused by SSLError(SSLCertVerificationError(1, '[SSL: CERTIFICATE_VERI",/api/commesse/risorse/valutazione
Analisi Risorse,Pivot Mensile,ROU,ascuderi,Responsabile OU,P,FAIL,ERR,,"HTTPSConnectionPool(host='localhost', port=7643): Max retries exceeded with url: /api/commesse/risorse/valutazione?mensile=true&anni=2026&take=100&profile=Responsabile+OU (Caused by SSLError(SSLCertVerificationError(1, '[SSL: CERTIFICATE_VE",/api/commesse/risorse/valutazione
Analisi Risorse,Analisi OU Risorse,Sup,Stefano,Supervisore,T,FAIL,ERR,,"HTTPSConnectionPool(host='localhost', port=7643): Max retries exceeded with url: /api/commesse/risorse/valutazione?analisiOu=true&take=100&profile=Supervisore (Caused by SSLError(SSLCertVerificationError(1, '[SSL: CERTIFICATE_VERIFY_FAILED]",/api/commesse/risorse/valutazione
Analisi Risorse,Analisi OU Risorse,RC,lamico,Responsabile Commerciale,T,FAIL,ERR,,"HTTPSConnectionPool(host='localhost', port=7643): Max retries exceeded with url: /api/commesse/risorse/valutazione?analisiOu=true&take=100&profile=Responsabile+Commerciale (Caused by SSLError(SSLCertVerificationError(1, '[SSL: CERTIFICATE_V",/api/commesse/risorse/valutazione
Analisi Risorse,Analisi OU Risorse,RCC,aaltana,Responsabile Commerciale Commessa,P,FAIL,ERR,,"HTTPSConnectionPool(host='localhost', port=7643): Max retries exceeded with url: /api/commesse/risorse/valutazione?analisiOu=true&take=100&profile=Responsabile+Commerciale+Commessa (Caused by SSLError(SSLCertVerificationError(1, '[SSL: CERT",/api/commesse/risorse/valutazione
Analisi Risorse,Analisi OU Risorse,RP,eragusa,Responsabile Produzione,T,FAIL,ERR,,"HTTPSConnectionPool(host='localhost', port=7643): Max retries exceeded with url: /api/commesse/risorse/valutazione?analisiOu=true&take=100&profile=Responsabile+Produzione (Caused by SSLError(SSLCertVerificationError(1, '[SSL: CERTIFICATE_VE",/api/commesse/risorse/valutazione
Analisi Risorse,Analisi OU Risorse,PM,rguafnaccia,Project Manager,-,FAIL,ERR,,"HTTPSConnectionPool(host='localhost', port=7643): Max retries exceeded with url: /api/commesse/risorse/valutazione?analisiOu=true&take=100&profile=Project+Manager (Caused by SSLError(SSLCertVerificationError(1, '[SSL: CERTIFICATE_VERIFY_FAI",/api/commesse/risorse/valutazione
Analisi Risorse,Analisi OU Risorse,GPM,ccampione,General Project Manager,-,FAIL,ERR,,"HTTPSConnectionPool(host='localhost', port=7643): Max retries exceeded with url: /api/commesse/risorse/valutazione?analisiOu=true&take=100&profile=General+Project+Manager (Caused by SSLError(SSLCertVerificationError(1, '[SSL: CERTIFICATE_VE",/api/commesse/risorse/valutazione
Analisi Risorse,Analisi OU Risorse,HR,agarilli,Risorse Umane,T,FAIL,ERR,,"HTTPSConnectionPool(host='localhost', port=7643): Max retries exceeded with url: /api/commesse/risorse/valutazione?analisiOu=true&take=100&profile=Risorse+Umane (Caused by SSLError(SSLCertVerificationError(1, '[SSL: CERTIFICATE_VERIFY_FAILE",/api/commesse/risorse/valutazione
Analisi Risorse,Analisi OU Risorse,ROU,ascuderi,Responsabile OU,P,FAIL,ERR,,"HTTPSConnectionPool(host='localhost', port=7643): Max retries exceeded with url: /api/commesse/risorse/valutazione?analisiOu=true&take=100&profile=Responsabile+OU (Caused by SSLError(SSLCertVerificationError(1, '[SSL: CERTIFICATE_VERIFY_FAI",/api/commesse/risorse/valutazione
Analisi Risorse,Analisi OU Risorse Pivot,Sup,Stefano,Supervisore,T,FAIL,ERR,,"HTTPSConnectionPool(host='localhost', port=7643): Max retries exceeded with url: /api/commesse/risorse/valutazione?analisiOuPivot=true&take=100&profile=Supervisore (Caused by SSLError(SSLCertVerificationError(1, '[SSL: CERTIFICATE_VERIFY_FA",/api/commesse/risorse/valutazione
Analisi Risorse,Analisi OU Risorse Pivot,RC,lamico,Responsabile Commerciale,T,FAIL,ERR,,"HTTPSConnectionPool(host='localhost', port=7643): Max retries exceeded with url: /api/commesse/risorse/valutazione?analisiOuPivot=true&take=100&profile=Responsabile+Commerciale (Caused by SSLError(SSLCertVerificationError(1, '[SSL: CERTIFIC",/api/commesse/risorse/valutazione
Analisi Risorse,Analisi OU Risorse Pivot,RCC,aaltana,Responsabile Commerciale Commessa,P,FAIL,ERR,,"HTTPSConnectionPool(host='localhost', port=7643): Max retries exceeded with url: /api/commesse/risorse/valutazione?analisiOuPivot=true&take=100&profile=Responsabile+Commerciale+Commessa (Caused by SSLError(SSLCertVerificationError(1, '[SSL:",/api/commesse/risorse/valutazione
Analisi Risorse,Analisi OU Risorse Pivot,RP,eragusa,Responsabile Produzione,T,FAIL,ERR,,"HTTPSConnectionPool(host='localhost', port=7643): Max retries exceeded with url: /api/commesse/risorse/valutazione?analisiOuPivot=true&take=100&profile=Responsabile+Produzione (Caused by SSLError(SSLCertVerificationError(1, '[SSL: CERTIFICA",/api/commesse/risorse/valutazione
Analisi Risorse,Analisi OU Risorse Pivot,PM,rguafnaccia,Project Manager,-,FAIL,ERR,,"HTTPSConnectionPool(host='localhost', port=7643): Max retries exceeded with url: /api/commesse/risorse/valutazione?analisiOuPivot=true&take=100&profile=Project+Manager (Caused by SSLError(SSLCertVerificationError(1, '[SSL: CERTIFICATE_VERIF",/api/commesse/risorse/valutazione
Analisi Risorse,Analisi OU Risorse Pivot,GPM,ccampione,General Project Manager,-,FAIL,ERR,,"HTTPSConnectionPool(host='localhost', port=7643): Max retries exceeded with url: /api/commesse/risorse/valutazione?analisiOuPivot=true&take=100&profile=General+Project+Manager (Caused by SSLError(SSLCertVerificationError(1, '[SSL: CERTIFICA",/api/commesse/risorse/valutazione
Analisi Risorse,Analisi OU Risorse Pivot,HR,agarilli,Risorse Umane,T,FAIL,ERR,,"HTTPSConnectionPool(host='localhost', port=7643): Max retries exceeded with url: /api/commesse/risorse/valutazione?analisiOuPivot=true&take=100&profile=Risorse+Umane (Caused by SSLError(SSLCertVerificationError(1, '[SSL: CERTIFICATE_VERIFY_",/api/commesse/risorse/valutazione
Analisi Risorse,Analisi OU Risorse Pivot,ROU,ascuderi,Responsabile OU,P,FAIL,ERR,,"HTTPSConnectionPool(host='localhost', port=7643): Max retries exceeded with url: /api/commesse/risorse/valutazione?analisiOuPivot=true&take=100&profile=Responsabile+OU (Caused by SSLError(SSLCertVerificationError(1, '[SSL: CERTIFICATE_VERIF",/api/commesse/risorse/valutazione
Analisi Risorse,Analisi Mensile OU Risorse,Sup,Stefano,Supervisore,T,FAIL,ERR,,"HTTPSConnectionPool(host='localhost', port=7643): Max retries exceeded with url: /api/commesse/risorse/valutazione?mensile=true&analisiOu=true&anni=2026&take=100&profile=Supervisore (Caused by SSLError(SSLCertVerificationError(1, '[SSL: CER",/api/commesse/risorse/valutazione
Analisi Risorse,Analisi Mensile OU Risorse,RC,lamico,Responsabile Commerciale,T,FAIL,ERR,,"HTTPSConnectionPool(host='localhost', port=7643): Max retries exceeded with url: /api/commesse/risorse/valutazione?mensile=true&analisiOu=true&anni=2026&take=100&profile=Responsabile+Commerciale (Caused by SSLError(SSLCertVerificationError(",/api/commesse/risorse/valutazione
Analisi Risorse,Analisi Mensile OU Risorse,RCC,aaltana,Responsabile Commerciale Commessa,P,FAIL,ERR,,"HTTPSConnectionPool(host='localhost', port=7643): Max retries exceeded with url: /api/commesse/risorse/valutazione?mensile=true&analisiOu=true&anni=2026&take=100&profile=Responsabile+Commerciale+Commessa (Caused by SSLError(SSLCertVerificat",/api/commesse/risorse/valutazione
Analisi Risorse,Analisi Mensile OU Risorse,RP,eragusa,Responsabile Produzione,T,FAIL,ERR,,"HTTPSConnectionPool(host='localhost', port=7643): Max retries exceeded with url: /api/commesse/risorse/valutazione?mensile=true&analisiOu=true&anni=2026&take=100&profile=Responsabile+Produzione (Caused by SSLError(SSLCertVerificationError(1",/api/commesse/risorse/valutazione
Analisi Risorse,Analisi Mensile OU Risorse,PM,rguafnaccia,Project Manager,-,FAIL,ERR,,"HTTPSConnectionPool(host='localhost', port=7643): Max retries exceeded with url: /api/commesse/risorse/valutazione?mensile=true&analisiOu=true&anni=2026&take=100&profile=Project+Manager (Caused by SSLError(SSLCertVerificationError(1, '[SSL:",/api/commesse/risorse/valutazione
Analisi Risorse,Analisi Mensile OU Risorse,GPM,ccampione,General Project Manager,-,FAIL,ERR,,"HTTPSConnectionPool(host='localhost', port=7643): Max retries exceeded with url: /api/commesse/risorse/valutazione?mensile=true&analisiOu=true&anni=2026&take=100&profile=General+Project+Manager (Caused by SSLError(SSLCertVerificationError(1",/api/commesse/risorse/valutazione
Analisi Risorse,Analisi Mensile OU Risorse,HR,agarilli,Risorse Umane,T,FAIL,ERR,,"HTTPSConnectionPool(host='localhost', port=7643): Max retries exceeded with url: /api/commesse/risorse/valutazione?mensile=true&analisiOu=true&anni=2026&take=100&profile=Risorse+Umane (Caused by SSLError(SSLCertVerificationError(1, '[SSL: C",/api/commesse/risorse/valutazione
Analisi Risorse,Analisi Mensile OU Risorse,ROU,ascuderi,Responsabile OU,P,FAIL,ERR,,"HTTPSConnectionPool(host='localhost', port=7643): Max retries exceeded with url: /api/commesse/risorse/valutazione?mensile=true&analisiOu=true&anni=2026&take=100&profile=Responsabile+OU (Caused by SSLError(SSLCertVerificationError(1, '[SSL:",/api/commesse/risorse/valutazione
Analisi Risorse,Analisi Mensile OU Risorse Pivot,Sup,Stefano,Supervisore,T,FAIL,ERR,,"HTTPSConnectionPool(host='localhost', port=7643): Max retries exceeded with url: /api/commesse/risorse/valutazione?mensile=true&analisiOuPivot=true&anni=2026&take=100&profile=Supervisore (Caused by SSLError(SSLCertVerificationError(1, '[SSL",/api/commesse/risorse/valutazione
Analisi Risorse,Analisi Mensile OU Risorse Pivot,RC,lamico,Responsabile Commerciale,T,FAIL,ERR,,"HTTPSConnectionPool(host='localhost', port=7643): Max retries exceeded with url: /api/commesse/risorse/valutazione?mensile=true&analisiOuPivot=true&anni=2026&take=100&profile=Responsabile+Commerciale (Caused by SSLError(SSLCertVerificationE",/api/commesse/risorse/valutazione
Analisi Risorse,Analisi Mensile OU Risorse Pivot,RCC,aaltana,Responsabile Commerciale Commessa,P,FAIL,ERR,,"HTTPSConnectionPool(host='localhost', port=7643): Max retries exceeded with url: /api/commesse/risorse/valutazione?mensile=true&analisiOuPivot=true&anni=2026&take=100&profile=Responsabile+Commerciale+Commessa (Caused by SSLError(SSLCertVeri",/api/commesse/risorse/valutazione
Analisi Risorse,Analisi Mensile OU Risorse Pivot,RP,eragusa,Responsabile Produzione,T,FAIL,ERR,,"HTTPSConnectionPool(host='localhost', port=7643): Max retries exceeded with url: /api/commesse/risorse/valutazione?mensile=true&analisiOuPivot=true&anni=2026&take=100&profile=Responsabile+Produzione (Caused by SSLError(SSLCertVerificationEr",/api/commesse/risorse/valutazione
Analisi Risorse,Analisi Mensile OU Risorse Pivot,PM,rguafnaccia,Project Manager,-,FAIL,ERR,,"HTTPSConnectionPool(host='localhost', port=7643): Max retries exceeded with url: /api/commesse/risorse/valutazione?mensile=true&analisiOuPivot=true&anni=2026&take=100&profile=Project+Manager (Caused by SSLError(SSLCertVerificationError(1, '",/api/commesse/risorse/valutazione
Analisi Risorse,Analisi Mensile OU Risorse Pivot,GPM,ccampione,General Project Manager,-,FAIL,ERR,,"HTTPSConnectionPool(host='localhost', port=7643): Max retries exceeded with url: /api/commesse/risorse/valutazione?mensile=true&analisiOuPivot=true&anni=2026&take=100&profile=General+Project+Manager (Caused by SSLError(SSLCertVerificationEr",/api/commesse/risorse/valutazione
Analisi Risorse,Analisi Mensile OU Risorse Pivot,HR,agarilli,Risorse Umane,T,FAIL,ERR,,"HTTPSConnectionPool(host='localhost', port=7643): Max retries exceeded with url: /api/commesse/risorse/valutazione?mensile=true&analisiOuPivot=true&anni=2026&take=100&profile=Risorse+Umane (Caused by SSLError(SSLCertVerificationError(1, '[S",/api/commesse/risorse/valutazione
Analisi Risorse,Analisi Mensile OU Risorse Pivot,ROU,ascuderi,Responsabile OU,P,FAIL,ERR,,"HTTPSConnectionPool(host='localhost', port=7643): Max retries exceeded with url: /api/commesse/risorse/valutazione?mensile=true&analisiOuPivot=true&anni=2026&take=100&profile=Responsabile+OU (Caused by SSLError(SSLCertVerificationError(1, '",/api/commesse/risorse/valutazione
Analisi Proiezioni,Proiezione Mensile RCC,Sup,Stefano,Supervisore,T,FAIL,ERR,,"HTTPSConnectionPool(host='localhost', port=7643): Max retries exceeded with url: /api/analisi-rcc/risultato-mensile?anno=2026&profile=Supervisore (Caused by SSLError(SSLCertVerificationError(1, '[SSL: CERTIFICATE_VERIFY_FAILED] certificate ",/api/analisi-rcc/risultato-mensile
Analisi Proiezioni,Proiezione Mensile RCC,RC,lamico,Responsabile Commerciale,T,FAIL,ERR,,"HTTPSConnectionPool(host='localhost', port=7643): Max retries exceeded with url: /api/analisi-rcc/risultato-mensile?anno=2026&profile=Responsabile+Commerciale (Caused by SSLError(SSLCertVerificationError(1, '[SSL: CERTIFICATE_VERIFY_FAILED]",/api/analisi-rcc/risultato-mensile
Analisi Proiezioni,Proiezione Mensile RCC,RCC,aaltana,Responsabile Commerciale Commessa,P,FAIL,ERR,,"HTTPSConnectionPool(host='localhost', port=7643): Max retries exceeded with url: /api/analisi-rcc/risultato-mensile?anno=2026&profile=Responsabile+Commerciale+Commessa (Caused by SSLError(SSLCertVerificationError(1, '[SSL: CERTIFICATE_VERIF",/api/analisi-rcc/risultato-mensile
Analisi Proiezioni,Proiezione Mensile RCC,RP,eragusa,Responsabile Produzione,T,FAIL,ERR,,"HTTPSConnectionPool(host='localhost', port=7643): Max retries exceeded with url: /api/analisi-rcc/risultato-mensile?anno=2026&profile=Responsabile+Produzione (Caused by SSLError(SSLCertVerificationError(1, '[SSL: CERTIFICATE_VERIFY_FAILED] ",/api/analisi-rcc/risultato-mensile
Analisi Proiezioni,Proiezione Mensile RCC,PM,rguafnaccia,Project Manager,-,FAIL,ERR,,"HTTPSConnectionPool(host='localhost', port=7643): Max retries exceeded with url: /api/analisi-rcc/risultato-mensile?anno=2026&profile=Project+Manager (Caused by SSLError(SSLCertVerificationError(1, '[SSL: CERTIFICATE_VERIFY_FAILED] certific",/api/analisi-rcc/risultato-mensile
Analisi Proiezioni,Proiezione Mensile RCC,GPM,ccampione,General Project Manager,-,FAIL,ERR,,"HTTPSConnectionPool(host='localhost', port=7643): Max retries exceeded with url: /api/analisi-rcc/risultato-mensile?anno=2026&profile=General+Project+Manager (Caused by SSLError(SSLCertVerificationError(1, '[SSL: CERTIFICATE_VERIFY_FAILED] ",/api/analisi-rcc/risultato-mensile
Analisi Proiezioni,Proiezione Mensile RCC,HR,agarilli,Risorse Umane,-,FAIL,ERR,,"HTTPSConnectionPool(host='localhost', port=7643): Max retries exceeded with url: /api/analisi-rcc/risultato-mensile?anno=2026&profile=Risorse+Umane (Caused by SSLError(SSLCertVerificationError(1, '[SSL: CERTIFICATE_VERIFY_FAILED] certificat",/api/analisi-rcc/risultato-mensile
Analisi Proiezioni,Proiezione Mensile RCC,ROU,ascuderi,Responsabile OU,-,FAIL,ERR,,"HTTPSConnectionPool(host='localhost', port=7643): Max retries exceeded with url: /api/analisi-rcc/risultato-mensile?anno=2026&profile=Responsabile+OU (Caused by SSLError(SSLCertVerificationError(1, '[SSL: CERTIFICATE_VERIFY_FAILED] certific",/api/analisi-rcc/risultato-mensile
Analisi Proiezioni,Report Annuale RCC,Sup,Stefano,Supervisore,T,FAIL,ERR,,"HTTPSConnectionPool(host='localhost', port=7643): Max retries exceeded with url: /api/analisi-rcc/pivot-fatturato?anni=2026&profile=Supervisore (Caused by SSLError(SSLCertVerificationError(1, '[SSL: CERTIFICATE_VERIFY_FAILED] certificate ve",/api/analisi-rcc/pivot-fatturato
Analisi Proiezioni,Report Annuale RCC,RC,lamico,Responsabile Commerciale,T,FAIL,ERR,,"HTTPSConnectionPool(host='localhost', port=7643): Max retries exceeded with url: /api/analisi-rcc/pivot-fatturato?anni=2026&profile=Responsabile+Commerciale (Caused by SSLError(SSLCertVerificationError(1, '[SSL: CERTIFICATE_VERIFY_FAILED] c",/api/analisi-rcc/pivot-fatturato
Analisi Proiezioni,Report Annuale RCC,RCC,aaltana,Responsabile Commerciale Commessa,P,FAIL,ERR,,"HTTPSConnectionPool(host='localhost', port=7643): Max retries exceeded with url: /api/analisi-rcc/pivot-fatturato?anni=2026&profile=Responsabile+Commerciale+Commessa (Caused by SSLError(SSLCertVerificationError(1, '[SSL: CERTIFICATE_VERIFY_",/api/analisi-rcc/pivot-fatturato
Analisi Proiezioni,Report Annuale RCC,RP,eragusa,Responsabile Produzione,T,FAIL,ERR,,"HTTPSConnectionPool(host='localhost', port=7643): Max retries exceeded with url: /api/analisi-rcc/pivot-fatturato?anni=2026&profile=Responsabile+Produzione (Caused by SSLError(SSLCertVerificationError(1, '[SSL: CERTIFICATE_VERIFY_FAILED] ce",/api/analisi-rcc/pivot-fatturato
Analisi Proiezioni,Report Annuale RCC,PM,rguafnaccia,Project Manager,-,FAIL,ERR,,"HTTPSConnectionPool(host='localhost', port=7643): Max retries exceeded with url: /api/analisi-rcc/pivot-fatturato?anni=2026&profile=Project+Manager (Caused by SSLError(SSLCertVerificationError(1, '[SSL: CERTIFICATE_VERIFY_FAILED] certificat",/api/analisi-rcc/pivot-fatturato
Analisi Proiezioni,Report Annuale RCC,GPM,ccampione,General Project Manager,-,FAIL,ERR,,"HTTPSConnectionPool(host='localhost', port=7643): Max retries exceeded with url: /api/analisi-rcc/pivot-fatturato?anni=2026&profile=General+Project+Manager (Caused by SSLError(SSLCertVerificationError(1, '[SSL: CERTIFICATE_VERIFY_FAILED] ce",/api/analisi-rcc/pivot-fatturato
Analisi Proiezioni,Report Annuale RCC,HR,agarilli,Risorse Umane,-,FAIL,ERR,,"HTTPSConnectionPool(host='localhost', port=7643): Max retries exceeded with url: /api/analisi-rcc/pivot-fatturato?anni=2026&profile=Risorse+Umane (Caused by SSLError(SSLCertVerificationError(1, '[SSL: CERTIFICATE_VERIFY_FAILED] certificate ",/api/analisi-rcc/pivot-fatturato
Analisi Proiezioni,Report Annuale RCC,ROU,ascuderi,Responsabile OU,-,FAIL,ERR,,"HTTPSConnectionPool(host='localhost', port=7643): Max retries exceeded with url: /api/analisi-rcc/pivot-fatturato?anni=2026&profile=Responsabile+OU (Caused by SSLError(SSLCertVerificationError(1, '[SSL: CERTIFICATE_VERIFY_FAILED] certificat",/api/analisi-rcc/pivot-fatturato
Analisi Proiezioni,Proiezione Mensile BU,Sup,Stefano,Supervisore,T,FAIL,ERR,,"HTTPSConnectionPool(host='localhost', port=7643): Max retries exceeded with url: /api/analisi-rcc/risultato-mensile-bu?anno=2026&profile=Supervisore (Caused by SSLError(SSLCertVerificationError(1, '[SSL: CERTIFICATE_VERIFY_FAILED] certifica",/api/analisi-rcc/risultato-mensile-bu
Analisi Proiezioni,Proiezione Mensile BU,RC,lamico,Responsabile Commerciale,T,FAIL,ERR,,"HTTPSConnectionPool(host='localhost', port=7643): Max retries exceeded with url: /api/analisi-rcc/risultato-mensile-bu?anno=2026&profile=Responsabile+Commerciale (Caused by SSLError(SSLCertVerificationError(1, '[SSL: CERTIFICATE_VERIFY_FAIL",/api/analisi-rcc/risultato-mensile-bu
Analisi Proiezioni,Proiezione Mensile BU,RCC,aaltana,Responsabile Commerciale Commessa,-,FAIL,ERR,,"HTTPSConnectionPool(host='localhost', port=7643): Max retries exceeded with url: /api/analisi-rcc/risultato-mensile-bu?anno=2026&profile=Responsabile+Commerciale+Commessa (Caused by SSLError(SSLCertVerificationError(1, '[SSL: CERTIFICATE_VE",/api/analisi-rcc/risultato-mensile-bu
Analisi Proiezioni,Proiezione Mensile BU,RP,eragusa,Responsabile Produzione,T,FAIL,ERR,,"HTTPSConnectionPool(host='localhost', port=7643): Max retries exceeded with url: /api/analisi-rcc/risultato-mensile-bu?anno=2026&profile=Responsabile+Produzione (Caused by SSLError(SSLCertVerificationError(1, '[SSL: CERTIFICATE_VERIFY_FAILE",/api/analisi-rcc/risultato-mensile-bu
Analisi Proiezioni,Proiezione Mensile BU,PM,rguafnaccia,Project Manager,-,FAIL,ERR,,"HTTPSConnectionPool(host='localhost', port=7643): Max retries exceeded with url: /api/analisi-rcc/risultato-mensile-bu?anno=2026&profile=Project+Manager (Caused by SSLError(SSLCertVerificationError(1, '[SSL: CERTIFICATE_VERIFY_FAILED] certi",/api/analisi-rcc/risultato-mensile-bu
Analisi Proiezioni,Proiezione Mensile BU,GPM,ccampione,General Project Manager,-,FAIL,ERR,,"HTTPSConnectionPool(host='localhost', port=7643): Max retries exceeded with url: /api/analisi-rcc/risultato-mensile-bu?anno=2026&profile=General+Project+Manager (Caused by SSLError(SSLCertVerificationError(1, '[SSL: CERTIFICATE_VERIFY_FAILE",/api/analisi-rcc/risultato-mensile-bu
Analisi Proiezioni,Proiezione Mensile BU,HR,agarilli,Risorse Umane,-,FAIL,ERR,,"HTTPSConnectionPool(host='localhost', port=7643): Max retries exceeded with url: /api/analisi-rcc/risultato-mensile-bu?anno=2026&profile=Risorse+Umane (Caused by SSLError(SSLCertVerificationError(1, '[SSL: CERTIFICATE_VERIFY_FAILED] certifi",/api/analisi-rcc/risultato-mensile-bu
Analisi Proiezioni,Proiezione Mensile BU,ROU,ascuderi,Responsabile OU,P,FAIL,ERR,,"HTTPSConnectionPool(host='localhost', port=7643): Max retries exceeded with url: /api/analisi-rcc/risultato-mensile-bu?anno=2026&profile=Responsabile+OU (Caused by SSLError(SSLCertVerificationError(1, '[SSL: CERTIFICATE_VERIFY_FAILED] certi",/api/analisi-rcc/risultato-mensile-bu
Analisi Proiezioni,Report Annuale BU,Sup,Stefano,Supervisore,T,FAIL,ERR,,"HTTPSConnectionPool(host='localhost', port=7643): Max retries exceeded with url: /api/analisi-rcc/pivot-fatturato-bu?anni=2026&profile=Supervisore (Caused by SSLError(SSLCertVerificationError(1, '[SSL: CERTIFICATE_VERIFY_FAILED] certificate",/api/analisi-rcc/pivot-fatturato-bu
Analisi Proiezioni,Report Annuale BU,RC,lamico,Responsabile Commerciale,T,FAIL,ERR,,"HTTPSConnectionPool(host='localhost', port=7643): Max retries exceeded with url: /api/analisi-rcc/pivot-fatturato-bu?anni=2026&profile=Responsabile+Commerciale (Caused by SSLError(SSLCertVerificationError(1, '[SSL: CERTIFICATE_VERIFY_FAILED",/api/analisi-rcc/pivot-fatturato-bu
Analisi Proiezioni,Report Annuale BU,RCC,aaltana,Responsabile Commerciale Commessa,-,FAIL,ERR,,"HTTPSConnectionPool(host='localhost', port=7643): Max retries exceeded with url: /api/analisi-rcc/pivot-fatturato-bu?anni=2026&profile=Responsabile+Commerciale+Commessa (Caused by SSLError(SSLCertVerificationError(1, '[SSL: CERTIFICATE_VERI",/api/analisi-rcc/pivot-fatturato-bu
Analisi Proiezioni,Report Annuale BU,RP,eragusa,Responsabile Produzione,T,FAIL,ERR,,"HTTPSConnectionPool(host='localhost', port=7643): Max retries exceeded with url: /api/analisi-rcc/pivot-fatturato-bu?anni=2026&profile=Responsabile+Produzione (Caused by SSLError(SSLCertVerificationError(1, '[SSL: CERTIFICATE_VERIFY_FAILED]",/api/analisi-rcc/pivot-fatturato-bu
Analisi Proiezioni,Report Annuale BU,PM,rguafnaccia,Project Manager,-,FAIL,ERR,,"HTTPSConnectionPool(host='localhost', port=7643): Max retries exceeded with url: /api/analisi-rcc/pivot-fatturato-bu?anni=2026&profile=Project+Manager (Caused by SSLError(SSLCertVerificationError(1, '[SSL: CERTIFICATE_VERIFY_FAILED] certifi",/api/analisi-rcc/pivot-fatturato-bu
Analisi Proiezioni,Report Annuale BU,GPM,ccampione,General Project Manager,-,FAIL,ERR,,"HTTPSConnectionPool(host='localhost', port=7643): Max retries exceeded with url: /api/analisi-rcc/pivot-fatturato-bu?anni=2026&profile=General+Project+Manager (Caused by SSLError(SSLCertVerificationError(1, '[SSL: CERTIFICATE_VERIFY_FAILED]",/api/analisi-rcc/pivot-fatturato-bu
Analisi Proiezioni,Report Annuale BU,HR,agarilli,Risorse Umane,-,FAIL,ERR,,"HTTPSConnectionPool(host='localhost', port=7643): Max retries exceeded with url: /api/analisi-rcc/pivot-fatturato-bu?anni=2026&profile=Risorse+Umane (Caused by SSLError(SSLCertVerificationError(1, '[SSL: CERTIFICATE_VERIFY_FAILED] certifica",/api/analisi-rcc/pivot-fatturato-bu
Analisi Proiezioni,Report Annuale BU,ROU,ascuderi,Responsabile OU,P,FAIL,ERR,,"HTTPSConnectionPool(host='localhost', port=7643): Max retries exceeded with url: /api/analisi-rcc/pivot-fatturato-bu?anni=2026&profile=Responsabile+OU (Caused by SSLError(SSLCertVerificationError(1, '[SSL: CERTIFICATE_VERIFY_FAILED] certifi",/api/analisi-rcc/pivot-fatturato-bu
Analisi Proiezioni,Proiezione Mensile RCC-BU,Sup,Stefano,Supervisore,T,FAIL,ERR,,"HTTPSConnectionPool(host='localhost', port=7643): Max retries exceeded with url: /api/analisi-rcc/risultato-mensile-burcc?anno=2026&profile=Supervisore (Caused by SSLError(SSLCertVerificationError(1, '[SSL: CERTIFICATE_VERIFY_FAILED] certif",/api/analisi-rcc/risultato-mensile-burcc
Analisi Proiezioni,Proiezione Mensile RCC-BU,RC,lamico,Responsabile Commerciale,T,FAIL,ERR,,"HTTPSConnectionPool(host='localhost', port=7643): Max retries exceeded with url: /api/analisi-rcc/risultato-mensile-burcc?anno=2026&profile=Responsabile+Commerciale (Caused by SSLError(SSLCertVerificationError(1, '[SSL: CERTIFICATE_VERIFY_F",/api/analisi-rcc/risultato-mensile-burcc
Analisi Proiezioni,Proiezione Mensile RCC-BU,RCC,aaltana,Responsabile Commerciale Commessa,P,FAIL,ERR,,"HTTPSConnectionPool(host='localhost', port=7643): Max retries exceeded with url: /api/analisi-rcc/risultato-mensile-burcc?anno=2026&profile=Responsabile+Commerciale+Commessa (Caused by SSLError(SSLCertVerificationError(1, '[SSL: CERTIFICATE",/api/analisi-rcc/risultato-mensile-burcc
Analisi Proiezioni,Proiezione Mensile RCC-BU,RP,eragusa,Responsabile Produzione,T,FAIL,ERR,,"HTTPSConnectionPool(host='localhost', port=7643): Max retries exceeded with url: /api/analisi-rcc/risultato-mensile-burcc?anno=2026&profile=Responsabile+Produzione (Caused by SSLError(SSLCertVerificationError(1, '[SSL: CERTIFICATE_VERIFY_FA",/api/analisi-rcc/risultato-mensile-burcc
Analisi Proiezioni,Proiezione Mensile RCC-BU,PM,rguafnaccia,Project Manager,-,FAIL,ERR,,"HTTPSConnectionPool(host='localhost', port=7643): Max retries exceeded with url: /api/analisi-rcc/risultato-mensile-burcc?anno=2026&profile=Project+Manager (Caused by SSLError(SSLCertVerificationError(1, '[SSL: CERTIFICATE_VERIFY_FAILED] ce",/api/analisi-rcc/risultato-mensile-burcc
Analisi Proiezioni,Proiezione Mensile RCC-BU,GPM,ccampione,General Project Manager,-,FAIL,ERR,,"HTTPSConnectionPool(host='localhost', port=7643): Max retries exceeded with url: /api/analisi-rcc/risultato-mensile-burcc?anno=2026&profile=General+Project+Manager (Caused by SSLError(SSLCertVerificationError(1, '[SSL: CERTIFICATE_VERIFY_FA",/api/analisi-rcc/risultato-mensile-burcc
Analisi Proiezioni,Proiezione Mensile RCC-BU,HR,agarilli,Risorse Umane,-,FAIL,ERR,,"HTTPSConnectionPool(host='localhost', port=7643): Max retries exceeded with url: /api/analisi-rcc/risultato-mensile-burcc?anno=2026&profile=Risorse+Umane (Caused by SSLError(SSLCertVerificationError(1, '[SSL: CERTIFICATE_VERIFY_FAILED] cert",/api/analisi-rcc/risultato-mensile-burcc
Analisi Proiezioni,Proiezione Mensile RCC-BU,ROU,ascuderi,Responsabile OU,P,FAIL,ERR,,"HTTPSConnectionPool(host='localhost', port=7643): Max retries exceeded with url: /api/analisi-rcc/risultato-mensile-burcc?anno=2026&profile=Responsabile+OU (Caused by SSLError(SSLCertVerificationError(1, '[SSL: CERTIFICATE_VERIFY_FAILED] ce",/api/analisi-rcc/risultato-mensile-burcc
Analisi Proiezioni,Report Annuale RCC-BU,Sup,Stefano,Supervisore,T,FAIL,ERR,,"HTTPSConnectionPool(host='localhost', port=7643): Max retries exceeded with url: /api/analisi-rcc/pivot-fatturato-burcc?anni=2026&profile=Supervisore (Caused by SSLError(SSLCertVerificationError(1, '[SSL: CERTIFICATE_VERIFY_FAILED] certific",/api/analisi-rcc/pivot-fatturato-burcc
Analisi Proiezioni,Report Annuale RCC-BU,RC,lamico,Responsabile Commerciale,T,FAIL,ERR,,"HTTPSConnectionPool(host='localhost', port=7643): Max retries exceeded with url: /api/analisi-rcc/pivot-fatturato-burcc?anni=2026&profile=Responsabile+Commerciale (Caused by SSLError(SSLCertVerificationError(1, '[SSL: CERTIFICATE_VERIFY_FAI",/api/analisi-rcc/pivot-fatturato-burcc
Analisi Proiezioni,Report Annuale RCC-BU,RCC,aaltana,Responsabile Commerciale Commessa,P,FAIL,ERR,,"HTTPSConnectionPool(host='localhost', port=7643): Max retries exceeded with url: /api/analisi-rcc/pivot-fatturato-burcc?anni=2026&profile=Responsabile+Commerciale+Commessa (Caused by SSLError(SSLCertVerificationError(1, '[SSL: CERTIFICATE_V",/api/analisi-rcc/pivot-fatturato-burcc
Analisi Proiezioni,Report Annuale RCC-BU,RP,eragusa,Responsabile Produzione,T,FAIL,ERR,,"HTTPSConnectionPool(host='localhost', port=7643): Max retries exceeded with url: /api/analisi-rcc/pivot-fatturato-burcc?anni=2026&profile=Responsabile+Produzione (Caused by SSLError(SSLCertVerificationError(1, '[SSL: CERTIFICATE_VERIFY_FAIL",/api/analisi-rcc/pivot-fatturato-burcc
Analisi Proiezioni,Report Annuale RCC-BU,PM,rguafnaccia,Project Manager,-,FAIL,ERR,,"HTTPSConnectionPool(host='localhost', port=7643): Max retries exceeded with url: /api/analisi-rcc/pivot-fatturato-burcc?anni=2026&profile=Project+Manager (Caused by SSLError(SSLCertVerificationError(1, '[SSL: CERTIFICATE_VERIFY_FAILED] cert",/api/analisi-rcc/pivot-fatturato-burcc
Analisi Proiezioni,Report Annuale RCC-BU,GPM,ccampione,General Project Manager,-,FAIL,ERR,,"HTTPSConnectionPool(host='localhost', port=7643): Max retries exceeded with url: /api/analisi-rcc/pivot-fatturato-burcc?anni=2026&profile=General+Project+Manager (Caused by SSLError(SSLCertVerificationError(1, '[SSL: CERTIFICATE_VERIFY_FAIL",/api/analisi-rcc/pivot-fatturato-burcc
Analisi Proiezioni,Report Annuale RCC-BU,HR,agarilli,Risorse Umane,-,FAIL,ERR,,"HTTPSConnectionPool(host='localhost', port=7643): Max retries exceeded with url: /api/analisi-rcc/pivot-fatturato-burcc?anni=2026&profile=Risorse+Umane (Caused by SSLError(SSLCertVerificationError(1, '[SSL: CERTIFICATE_VERIFY_FAILED] certif",/api/analisi-rcc/pivot-fatturato-burcc
Analisi Proiezioni,Report Annuale RCC-BU,ROU,ascuderi,Responsabile OU,P,FAIL,ERR,,"HTTPSConnectionPool(host='localhost', port=7643): Max retries exceeded with url: /api/analisi-rcc/pivot-fatturato-burcc?anni=2026&profile=Responsabile+OU (Caused by SSLError(SSLCertVerificationError(1, '[SSL: CERTIFICATE_VERIFY_FAILED] cert",/api/analisi-rcc/pivot-fatturato-burcc
Analisi Proiezioni,Piano Fatturazione,Sup,Stefano,Supervisore,T,FAIL,ERR,,"HTTPSConnectionPool(host='localhost', port=7643): Max retries exceeded with url: /api/analisi-rcc/piano-fatturazione?anno=2026&mesiSnapshot=4&profile=Supervisore (Caused by SSLError(SSLCertVerificationError(1, '[SSL: CERTIFICATE_VERIFY_FAIL",/api/analisi-rcc/piano-fatturazione
Analisi Proiezioni,Piano Fatturazione,RC,lamico,Responsabile Commerciale,T,FAIL,ERR,,"HTTPSConnectionPool(host='localhost', port=7643): Max retries exceeded with url: /api/analisi-rcc/piano-fatturazione?anno=2026&mesiSnapshot=4&profile=Responsabile+Commerciale (Caused by SSLError(SSLCertVerificationError(1, '[SSL: CERTIFICAT",/api/analisi-rcc/piano-fatturazione
Analisi Proiezioni,Piano Fatturazione,RCC,aaltana,Responsabile Commerciale Commessa,P,FAIL,ERR,,"HTTPSConnectionPool(host='localhost', port=7643): Max retries exceeded with url: /api/analisi-rcc/piano-fatturazione?anno=2026&mesiSnapshot=4&profile=Responsabile+Commerciale+Commessa (Caused by SSLError(SSLCertVerificationError(1, '[SSL: C",/api/analisi-rcc/piano-fatturazione
Analisi Proiezioni,Piano Fatturazione,RP,eragusa,Responsabile Produzione,T,FAIL,ERR,,"HTTPSConnectionPool(host='localhost', port=7643): Max retries exceeded with url: /api/analisi-rcc/piano-fatturazione?anno=2026&mesiSnapshot=4&profile=Responsabile+Produzione (Caused by SSLError(SSLCertVerificationError(1, '[SSL: CERTIFICATE",/api/analisi-rcc/piano-fatturazione
Analisi Proiezioni,Piano Fatturazione,PM,rguafnaccia,Project Manager,-,FAIL,ERR,,"HTTPSConnectionPool(host='localhost', port=7643): Max retries exceeded with url: /api/analisi-rcc/piano-fatturazione?anno=2026&mesiSnapshot=4&profile=Project+Manager (Caused by SSLError(SSLCertVerificationError(1, '[SSL: CERTIFICATE_VERIFY_",/api/analisi-rcc/piano-fatturazione
Analisi Proiezioni,Piano Fatturazione,GPM,ccampione,General Project Manager,-,FAIL,ERR,,"HTTPSConnectionPool(host='localhost', port=7643): Max retries exceeded with url: /api/analisi-rcc/piano-fatturazione?anno=2026&mesiSnapshot=4&profile=General+Project+Manager (Caused by SSLError(SSLCertVerificationError(1, '[SSL: CERTIFICATE",/api/analisi-rcc/piano-fatturazione
Analisi Proiezioni,Piano Fatturazione,HR,agarilli,Risorse Umane,-,FAIL,ERR,,"HTTPSConnectionPool(host='localhost', port=7643): Max retries exceeded with url: /api/analisi-rcc/piano-fatturazione?anno=2026&mesiSnapshot=4&profile=Risorse+Umane (Caused by SSLError(SSLCertVerificationError(1, '[SSL: CERTIFICATE_VERIFY_FA",/api/analisi-rcc/piano-fatturazione
Analisi Proiezioni,Piano Fatturazione,ROU,ascuderi,Responsabile OU,-,FAIL,ERR,,"HTTPSConnectionPool(host='localhost', port=7643): Max retries exceeded with url: /api/analisi-rcc/piano-fatturazione?anno=2026&mesiSnapshot=4&profile=Responsabile+OU (Caused by SSLError(SSLCertVerificationError(1, '[SSL: CERTIFICATE_VERIFY_",/api/analisi-rcc/piano-fatturazione
Analisi Proiezioni,Dettaglio Fatturato,Sup,Stefano,Supervisore,T,FAIL,ERR,,"HTTPSConnectionPool(host='localhost', port=7643): Max retries exceeded with url: /api/analisi-rcc/dettaglio-fatturato?anni=2026&take=200&profile=Supervisore (Caused by SSLError(SSLCertVerificationError(1, '[SSL: CERTIFICATE_VERIFY_FAILED] c",/api/analisi-rcc/dettaglio-fatturato
Analisi Proiezioni,Dettaglio Fatturato,RC,lamico,Responsabile Commerciale,T,FAIL,ERR,,"HTTPSConnectionPool(host='localhost', port=7643): Max retries exceeded with url: /api/analisi-rcc/dettaglio-fatturato?anni=2026&take=200&profile=Responsabile+Commerciale (Caused by SSLError(SSLCertVerificationError(1, '[SSL: CERTIFICATE_VER",/api/analisi-rcc/dettaglio-fatturato
Analisi Proiezioni,Dettaglio Fatturato,RCC,aaltana,Responsabile Commerciale Commessa,P,FAIL,ERR,,"HTTPSConnectionPool(host='localhost', port=7643): Max retries exceeded with url: /api/analisi-rcc/dettaglio-fatturato?anni=2026&take=200&profile=Responsabile+Commerciale+Commessa (Caused by SSLError(SSLCertVerificationError(1, '[SSL: CERTIF",/api/analisi-rcc/dettaglio-fatturato
Analisi Proiezioni,Dettaglio Fatturato,RP,eragusa,Responsabile Produzione,T,FAIL,ERR,,"HTTPSConnectionPool(host='localhost', port=7643): Max retries exceeded with url: /api/analisi-rcc/dettaglio-fatturato?anni=2026&take=200&profile=Responsabile+Produzione (Caused by SSLError(SSLCertVerificationError(1, '[SSL: CERTIFICATE_VERI",/api/analisi-rcc/dettaglio-fatturato
Analisi Proiezioni,Dettaglio Fatturato,PM,rguafnaccia,Project Manager,P,FAIL,ERR,,"HTTPSConnectionPool(host='localhost', port=7643): Max retries exceeded with url: /api/analisi-rcc/dettaglio-fatturato?anni=2026&take=200&profile=Project+Manager (Caused by SSLError(SSLCertVerificationError(1, '[SSL: CERTIFICATE_VERIFY_FAILE",/api/analisi-rcc/dettaglio-fatturato
Analisi Proiezioni,Dettaglio Fatturato,GPM,ccampione,General Project Manager,-,FAIL,ERR,,"HTTPSConnectionPool(host='localhost', port=7643): Max retries exceeded with url: /api/analisi-rcc/dettaglio-fatturato?anni=2026&take=200&profile=General+Project+Manager (Caused by SSLError(SSLCertVerificationError(1, '[SSL: CERTIFICATE_VERI",/api/analisi-rcc/dettaglio-fatturato
Analisi Proiezioni,Dettaglio Fatturato,HR,agarilli,Risorse Umane,-,FAIL,ERR,,"HTTPSConnectionPool(host='localhost', port=7643): Max retries exceeded with url: /api/analisi-rcc/dettaglio-fatturato?anni=2026&take=200&profile=Risorse+Umane (Caused by SSLError(SSLCertVerificationError(1, '[SSL: CERTIFICATE_VERIFY_FAILED]",/api/analisi-rcc/dettaglio-fatturato
Analisi Proiezioni,Dettaglio Fatturato,ROU,ascuderi,Responsabile OU,P,FAIL,ERR,,"HTTPSConnectionPool(host='localhost', port=7643): Max retries exceeded with url: /api/analisi-rcc/dettaglio-fatturato?anni=2026&take=200&profile=Responsabile+OU (Caused by SSLError(SSLCertVerificationError(1, '[SSL: CERTIFICATE_VERIFY_FAILE",/api/analisi-rcc/dettaglio-fatturato
Previsioni,Funnel,Sup,Stefano,Supervisore,T,FAIL,ERR,,"HTTPSConnectionPool(host='localhost', port=7643): Max retries exceeded with url: /api/analisi-rcc/funnel?anni=2026&take=200&profile=Supervisore (Caused by SSLError(SSLCertVerificationError(1, '[SSL: CERTIFICATE_VERIFY_FAILED] certificate ve",/api/analisi-rcc/funnel
Previsioni,Funnel,RC,lamico,Responsabile Commerciale,T,FAIL,ERR,,"HTTPSConnectionPool(host='localhost', port=7643): Max retries exceeded with url: /api/analisi-rcc/funnel?anni=2026&take=200&profile=Responsabile+Commerciale (Caused by SSLError(SSLCertVerificationError(1, '[SSL: CERTIFICATE_VERIFY_FAILED] c",/api/analisi-rcc/funnel
Previsioni,Funnel,RCC,aaltana,Responsabile Commerciale Commessa,P,FAIL,ERR,,"HTTPSConnectionPool(host='localhost', port=7643): Max retries exceeded with url: /api/analisi-rcc/funnel?anni=2026&take=200&profile=Responsabile+Commerciale+Commessa (Caused by SSLError(SSLCertVerificationError(1, '[SSL: CERTIFICATE_VERIFY_",/api/analisi-rcc/funnel
Previsioni,Funnel,RP,eragusa,Responsabile Produzione,T,FAIL,ERR,,"HTTPSConnectionPool(host='localhost', port=7643): Max retries exceeded with url: /api/analisi-rcc/funnel?anni=2026&take=200&profile=Responsabile+Produzione (Caused by SSLError(SSLCertVerificationError(1, '[SSL: CERTIFICATE_VERIFY_FAILED] ce",/api/analisi-rcc/funnel
Previsioni,Funnel,PM,rguafnaccia,Project Manager,-,FAIL,ERR,,"HTTPSConnectionPool(host='localhost', port=7643): Max retries exceeded with url: /api/analisi-rcc/funnel?anni=2026&take=200&profile=Project+Manager (Caused by SSLError(SSLCertVerificationError(1, '[SSL: CERTIFICATE_VERIFY_FAILED] certificat",/api/analisi-rcc/funnel
Previsioni,Funnel,GPM,ccampione,General Project Manager,-,FAIL,ERR,,"HTTPSConnectionPool(host='localhost', port=7643): Max retries exceeded with url: /api/analisi-rcc/funnel?anni=2026&take=200&profile=General+Project+Manager (Caused by SSLError(SSLCertVerificationError(1, '[SSL: CERTIFICATE_VERIFY_FAILED] ce",/api/analisi-rcc/funnel
Previsioni,Funnel,HR,agarilli,Risorse Umane,-,FAIL,ERR,,"HTTPSConnectionPool(host='localhost', port=7643): Max retries exceeded with url: /api/analisi-rcc/funnel?anni=2026&take=200&profile=Risorse+Umane (Caused by SSLError(SSLCertVerificationError(1, '[SSL: CERTIFICATE_VERIFY_FAILED] certificate ",/api/analisi-rcc/funnel
Previsioni,Funnel,ROU,ascuderi,Responsabile OU,-,FAIL,ERR,,"HTTPSConnectionPool(host='localhost', port=7643): Max retries exceeded with url: /api/analisi-rcc/funnel?anni=2026&take=200&profile=Responsabile+OU (Caused by SSLError(SSLCertVerificationError(1, '[SSL: CERTIFICATE_VERIFY_FAILED] certificat",/api/analisi-rcc/funnel
Previsioni,Report Funnel RCC,Sup,Stefano,Supervisore,T,FAIL,ERR,,"HTTPSConnectionPool(host='localhost', port=7643): Max retries exceeded with url: /api/analisi-rcc/pivot-funnel?anni=2026&profile=Supervisore (Caused by SSLError(SSLCertVerificationError(1, '[SSL: CERTIFICATE_VERIFY_FAILED] certificate verif",/api/analisi-rcc/pivot-funnel
Previsioni,Report Funnel RCC,RC,lamico,Responsabile Commerciale,T,FAIL,ERR,,"HTTPSConnectionPool(host='localhost', port=7643): Max retries exceeded with url: /api/analisi-rcc/pivot-funnel?anni=2026&profile=Responsabile+Commerciale (Caused by SSLError(SSLCertVerificationError(1, '[SSL: CERTIFICATE_VERIFY_FAILED] cert",/api/analisi-rcc/pivot-funnel
Previsioni,Report Funnel RCC,RCC,aaltana,Responsabile Commerciale Commessa,P,FAIL,ERR,,"HTTPSConnectionPool(host='localhost', port=7643): Max retries exceeded with url: /api/analisi-rcc/pivot-funnel?anni=2026&profile=Responsabile+Commerciale+Commessa (Caused by SSLError(SSLCertVerificationError(1, '[SSL: CERTIFICATE_VERIFY_FAI",/api/analisi-rcc/pivot-funnel
Previsioni,Report Funnel RCC,RP,eragusa,Responsabile Produzione,T,FAIL,ERR,,"HTTPSConnectionPool(host='localhost', port=7643): Max retries exceeded with url: /api/analisi-rcc/pivot-funnel?anni=2026&profile=Responsabile+Produzione (Caused by SSLError(SSLCertVerificationError(1, '[SSL: CERTIFICATE_VERIFY_FAILED] certi",/api/analisi-rcc/pivot-funnel
Previsioni,Report Funnel RCC,PM,rguafnaccia,Project Manager,-,FAIL,ERR,,"HTTPSConnectionPool(host='localhost', port=7643): Max retries exceeded with url: /api/analisi-rcc/pivot-funnel?anni=2026&profile=Project+Manager (Caused by SSLError(SSLCertVerificationError(1, '[SSL: CERTIFICATE_VERIFY_FAILED] certificate v",/api/analisi-rcc/pivot-funnel
Previsioni,Report Funnel RCC,GPM,ccampione,General Project Manager,-,FAIL,ERR,,"HTTPSConnectionPool(host='localhost', port=7643): Max retries exceeded with url: /api/analisi-rcc/pivot-funnel?anni=2026&profile=General+Project+Manager (Caused by SSLError(SSLCertVerificationError(1, '[SSL: CERTIFICATE_VERIFY_FAILED] certi",/api/analisi-rcc/pivot-funnel
Previsioni,Report Funnel RCC,HR,agarilli,Risorse Umane,-,FAIL,ERR,,"HTTPSConnectionPool(host='localhost', port=7643): Max retries exceeded with url: /api/analisi-rcc/pivot-funnel?anni=2026&profile=Risorse+Umane (Caused by SSLError(SSLCertVerificationError(1, '[SSL: CERTIFICATE_VERIFY_FAILED] certificate ver",/api/analisi-rcc/pivot-funnel
Previsioni,Report Funnel RCC,ROU,ascuderi,Responsabile OU,-,FAIL,ERR,,"HTTPSConnectionPool(host='localhost', port=7643): Max retries exceeded with url: /api/analisi-rcc/pivot-funnel?anni=2026&profile=Responsabile+OU (Caused by SSLError(SSLCertVerificationError(1, '[SSL: CERTIFICATE_VERIFY_FAILED] certificate v",/api/analisi-rcc/pivot-funnel
Previsioni,Report Funnel BU,Sup,Stefano,Supervisore,T,FAIL,ERR,,"HTTPSConnectionPool(host='localhost', port=7643): Max retries exceeded with url: /api/analisi-rcc/pivot-funnel-bu?anni=2026&profile=Supervisore (Caused by SSLError(SSLCertVerificationError(1, '[SSL: CERTIFICATE_VERIFY_FAILED] certificate ve",/api/analisi-rcc/pivot-funnel-bu
Previsioni,Report Funnel BU,RC,lamico,Responsabile Commerciale,T,FAIL,ERR,,"HTTPSConnectionPool(host='localhost', port=7643): Max retries exceeded with url: /api/analisi-rcc/pivot-funnel-bu?anni=2026&profile=Responsabile+Commerciale (Caused by SSLError(SSLCertVerificationError(1, '[SSL: CERTIFICATE_VERIFY_FAILED] c",/api/analisi-rcc/pivot-funnel-bu
Previsioni,Report Funnel BU,RCC,aaltana,Responsabile Commerciale Commessa,-,FAIL,ERR,,"HTTPSConnectionPool(host='localhost', port=7643): Max retries exceeded with url: /api/analisi-rcc/pivot-funnel-bu?anni=2026&profile=Responsabile+Commerciale+Commessa (Caused by SSLError(SSLCertVerificationError(1, '[SSL: CERTIFICATE_VERIFY_",/api/analisi-rcc/pivot-funnel-bu
Previsioni,Report Funnel BU,RP,eragusa,Responsabile Produzione,T,FAIL,ERR,,"HTTPSConnectionPool(host='localhost', port=7643): Max retries exceeded with url: /api/analisi-rcc/pivot-funnel-bu?anni=2026&profile=Responsabile+Produzione (Caused by SSLError(SSLCertVerificationError(1, '[SSL: CERTIFICATE_VERIFY_FAILED] ce",/api/analisi-rcc/pivot-funnel-bu
Previsioni,Report Funnel BU,PM,rguafnaccia,Project Manager,-,FAIL,ERR,,"HTTPSConnectionPool(host='localhost', port=7643): Max retries exceeded with url: /api/analisi-rcc/pivot-funnel-bu?anni=2026&profile=Project+Manager (Caused by SSLError(SSLCertVerificationError(1, '[SSL: CERTIFICATE_VERIFY_FAILED] certificat",/api/analisi-rcc/pivot-funnel-bu
Previsioni,Report Funnel BU,GPM,ccampione,General Project Manager,-,FAIL,ERR,,"HTTPSConnectionPool(host='localhost', port=7643): Max retries exceeded with url: /api/analisi-rcc/pivot-funnel-bu?anni=2026&profile=General+Project+Manager (Caused by SSLError(SSLCertVerificationError(1, '[SSL: CERTIFICATE_VERIFY_FAILED] ce",/api/analisi-rcc/pivot-funnel-bu
Previsioni,Report Funnel BU,HR,agarilli,Risorse Umane,-,FAIL,ERR,,"HTTPSConnectionPool(host='localhost', port=7643): Max retries exceeded with url: /api/analisi-rcc/pivot-funnel-bu?anni=2026&profile=Risorse+Umane (Caused by SSLError(SSLCertVerificationError(1, '[SSL: CERTIFICATE_VERIFY_FAILED] certificate ",/api/analisi-rcc/pivot-funnel-bu
Previsioni,Report Funnel BU,ROU,ascuderi,Responsabile OU,P,FAIL,ERR,,"HTTPSConnectionPool(host='localhost', port=7643): Max retries exceeded with url: /api/analisi-rcc/pivot-funnel-bu?anni=2026&profile=Responsabile+OU (Caused by SSLError(SSLCertVerificationError(1, '[SSL: CERTIFICATE_VERIFY_FAILED] certificat",/api/analisi-rcc/pivot-funnel-bu
Processo Offerta,Offerte,Sup,Stefano,Supervisore,T,FAIL,ERR,,"HTTPSConnectionPool(host='localhost', port=7643): Max retries exceeded with url: /api/processo-offerta/offerte?anni=2026&take=200&profile=Supervisore (Caused by SSLError(SSLCertVerificationError(1, '[SSL: CERTIFICATE_VERIFY_FAILED] certific",/api/processo-offerta/offerte
Processo Offerta,Offerte,RC,lamico,Responsabile Commerciale,T,FAIL,ERR,,"HTTPSConnectionPool(host='localhost', port=7643): Max retries exceeded with url: /api/processo-offerta/offerte?anni=2026&take=200&profile=Responsabile+Commerciale (Caused by SSLError(SSLCertVerificationError(1, '[SSL: CERTIFICATE_VERIFY_FAI",/api/processo-offerta/offerte
Processo Offerta,Offerte,RCC,aaltana,Responsabile Commerciale Commessa,P,FAIL,ERR,,"HTTPSConnectionPool(host='localhost', port=7643): Max retries exceeded with url: /api/processo-offerta/offerte?anni=2026&take=200&profile=Responsabile+Commerciale+Commessa (Caused by SSLError(SSLCertVerificationError(1, '[SSL: CERTIFICATE_V",/api/processo-offerta/offerte
Processo Offerta,Offerte,RP,eragusa,Responsabile Produzione,T,FAIL,ERR,,"HTTPSConnectionPool(host='localhost', port=7643): Max retries exceeded with url: /api/processo-offerta/offerte?anni=2026&take=200&profile=Responsabile+Produzione (Caused by SSLError(SSLCertVerificationError(1, '[SSL: CERTIFICATE_VERIFY_FAIL",/api/processo-offerta/offerte
Processo Offerta,Offerte,PM,rguafnaccia,Project Manager,-,FAIL,ERR,,"HTTPSConnectionPool(host='localhost', port=7643): Max retries exceeded with url: /api/processo-offerta/offerte?anni=2026&take=200&profile=Project+Manager (Caused by SSLError(SSLCertVerificationError(1, '[SSL: CERTIFICATE_VERIFY_FAILED] cert",/api/processo-offerta/offerte
Processo Offerta,Offerte,GPM,ccampione,General Project Manager,-,FAIL,ERR,,"HTTPSConnectionPool(host='localhost', port=7643): Max retries exceeded with url: /api/processo-offerta/offerte?anni=2026&take=200&profile=General+Project+Manager (Caused by SSLError(SSLCertVerificationError(1, '[SSL: CERTIFICATE_VERIFY_FAIL",/api/processo-offerta/offerte
Processo Offerta,Offerte,HR,agarilli,Risorse Umane,-,FAIL,ERR,,"HTTPSConnectionPool(host='localhost', port=7643): Max retries exceeded with url: /api/processo-offerta/offerte?anni=2026&take=200&profile=Risorse+Umane (Caused by SSLError(SSLCertVerificationError(1, '[SSL: CERTIFICATE_VERIFY_FAILED] certif",/api/processo-offerta/offerte
Processo Offerta,Offerte,ROU,ascuderi,Responsabile OU,P,FAIL,ERR,,"HTTPSConnectionPool(host='localhost', port=7643): Max retries exceeded with url: /api/processo-offerta/offerte?anni=2026&take=200&profile=Responsabile+OU (Caused by SSLError(SSLCertVerificationError(1, '[SSL: CERTIFICATE_VERIFY_FAILED] cert",/api/processo-offerta/offerte
Processo Offerta,Sintesi RCC,Sup,Stefano,Supervisore,T,FAIL,ERR,,"HTTPSConnectionPool(host='localhost', port=7643): Max retries exceeded with url: /api/processo-offerta/sintesi-rcc?anni=2026&profile=Supervisore (Caused by SSLError(SSLCertVerificationError(1, '[SSL: CERTIFICATE_VERIFY_FAILED] certificate v",/api/processo-offerta/sintesi-rcc
Processo Offerta,Sintesi RCC,RC,lamico,Responsabile Commerciale,T,FAIL,ERR,,"HTTPSConnectionPool(host='localhost', port=7643): Max retries exceeded with url: /api/processo-offerta/sintesi-rcc?anni=2026&profile=Responsabile+Commerciale (Caused by SSLError(SSLCertVerificationError(1, '[SSL: CERTIFICATE_VERIFY_FAILED] ",/api/processo-offerta/sintesi-rcc
Processo Offerta,Sintesi RCC,RCC,aaltana,Responsabile Commerciale Commessa,P,FAIL,ERR,,"HTTPSConnectionPool(host='localhost', port=7643): Max retries exceeded with url: /api/processo-offerta/sintesi-rcc?anni=2026&profile=Responsabile+Commerciale+Commessa (Caused by SSLError(SSLCertVerificationError(1, '[SSL: CERTIFICATE_VERIFY",/api/processo-offerta/sintesi-rcc
Processo Offerta,Sintesi RCC,RP,eragusa,Responsabile Produzione,T,FAIL,ERR,,"HTTPSConnectionPool(host='localhost', port=7643): Max retries exceeded with url: /api/processo-offerta/sintesi-rcc?anni=2026&profile=Responsabile+Produzione (Caused by SSLError(SSLCertVerificationError(1, '[SSL: CERTIFICATE_VERIFY_FAILED] c",/api/processo-offerta/sintesi-rcc
Processo Offerta,Sintesi RCC,PM,rguafnaccia,Project Manager,-,FAIL,ERR,,"HTTPSConnectionPool(host='localhost', port=7643): Max retries exceeded with url: /api/processo-offerta/sintesi-rcc?anni=2026&profile=Project+Manager (Caused by SSLError(SSLCertVerificationError(1, '[SSL: CERTIFICATE_VERIFY_FAILED] certifica",/api/processo-offerta/sintesi-rcc
Processo Offerta,Sintesi RCC,GPM,ccampione,General Project Manager,-,FAIL,ERR,,"HTTPSConnectionPool(host='localhost', port=7643): Max retries exceeded with url: /api/processo-offerta/sintesi-rcc?anni=2026&profile=General+Project+Manager (Caused by SSLError(SSLCertVerificationError(1, '[SSL: CERTIFICATE_VERIFY_FAILED] c",/api/processo-offerta/sintesi-rcc
Processo Offerta,Sintesi RCC,HR,agarilli,Risorse Umane,-,FAIL,ERR,,"HTTPSConnectionPool(host='localhost', port=7643): Max retries exceeded with url: /api/processo-offerta/sintesi-rcc?anni=2026&profile=Risorse+Umane (Caused by SSLError(SSLCertVerificationError(1, '[SSL: CERTIFICATE_VERIFY_FAILED] certificate",/api/processo-offerta/sintesi-rcc
Processo Offerta,Sintesi RCC,ROU,ascuderi,Responsabile OU,P,FAIL,ERR,,"HTTPSConnectionPool(host='localhost', port=7643): Max retries exceeded with url: /api/processo-offerta/sintesi-rcc?anni=2026&profile=Responsabile+OU (Caused by SSLError(SSLCertVerificationError(1, '[SSL: CERTIFICATE_VERIFY_FAILED] certifica",/api/processo-offerta/sintesi-rcc
Processo Offerta,Sintesi BU,Sup,Stefano,Supervisore,T,FAIL,ERR,,"HTTPSConnectionPool(host='localhost', port=7643): Max retries exceeded with url: /api/processo-offerta/sintesi-bu?anni=2026&profile=Supervisore (Caused by SSLError(SSLCertVerificationError(1, '[SSL: CERTIFICATE_VERIFY_FAILED] certificate ve",/api/processo-offerta/sintesi-bu
Processo Offerta,Sintesi BU,RC,lamico,Responsabile Commerciale,T,FAIL,ERR,,"HTTPSConnectionPool(host='localhost', port=7643): Max retries exceeded with url: /api/processo-offerta/sintesi-bu?anni=2026&profile=Responsabile+Commerciale (Caused by SSLError(SSLCertVerificationError(1, '[SSL: CERTIFICATE_VERIFY_FAILED] c",/api/processo-offerta/sintesi-bu
Processo Offerta,Sintesi BU,RCC,aaltana,Responsabile Commerciale Commessa,P,FAIL,ERR,,"HTTPSConnectionPool(host='localhost', port=7643): Max retries exceeded with url: /api/processo-offerta/sintesi-bu?anni=2026&profile=Responsabile+Commerciale+Commessa (Caused by SSLError(SSLCertVerificationError(1, '[SSL: CERTIFICATE_VERIFY_",/api/processo-offerta/sintesi-bu
Processo Offerta,Sintesi BU,RP,eragusa,Responsabile Produzione,T,FAIL,ERR,,"HTTPSConnectionPool(host='localhost', port=7643): Max retries exceeded with url: /api/processo-offerta/sintesi-bu?anni=2026&profile=Responsabile+Produzione (Caused by SSLError(SSLCertVerificationError(1, '[SSL: CERTIFICATE_VERIFY_FAILED] ce",/api/processo-offerta/sintesi-bu
Processo Offerta,Sintesi BU,PM,rguafnaccia,Project Manager,-,FAIL,ERR,,"HTTPSConnectionPool(host='localhost', port=7643): Max retries exceeded with url: /api/processo-offerta/sintesi-bu?anni=2026&profile=Project+Manager (Caused by SSLError(SSLCertVerificationError(1, '[SSL: CERTIFICATE_VERIFY_FAILED] certificat",/api/processo-offerta/sintesi-bu
Processo Offerta,Sintesi BU,GPM,ccampione,General Project Manager,-,FAIL,ERR,,"HTTPSConnectionPool(host='localhost', port=7643): Max retries exceeded with url: /api/processo-offerta/sintesi-bu?anni=2026&profile=General+Project+Manager (Caused by SSLError(SSLCertVerificationError(1, '[SSL: CERTIFICATE_VERIFY_FAILED] ce",/api/processo-offerta/sintesi-bu
Processo Offerta,Sintesi BU,HR,agarilli,Risorse Umane,-,FAIL,ERR,,"HTTPSConnectionPool(host='localhost', port=7643): Max retries exceeded with url: /api/processo-offerta/sintesi-bu?anni=2026&profile=Risorse+Umane (Caused by SSLError(SSLCertVerificationError(1, '[SSL: CERTIFICATE_VERIFY_FAILED] certificate ",/api/processo-offerta/sintesi-bu
Processo Offerta,Sintesi BU,ROU,ascuderi,Responsabile OU,P,FAIL,ERR,,"HTTPSConnectionPool(host='localhost', port=7643): Max retries exceeded with url: /api/processo-offerta/sintesi-bu?anni=2026&profile=Responsabile+OU (Caused by SSLError(SSLCertVerificationError(1, '[SSL: CERTIFICATE_VERIFY_FAILED] certificat",/api/processo-offerta/sintesi-bu
Processo Offerta,Percentuale Successo RCC,Sup,Stefano,Supervisore,T,FAIL,ERR,,"HTTPSConnectionPool(host='localhost', port=7643): Max retries exceeded with url: /api/processo-offerta/sintesi-rcc?anni=2026&profile=Supervisore (Caused by SSLError(SSLCertVerificationError(1, '[SSL: CERTIFICATE_VERIFY_FAILED] certificate v",/api/processo-offerta/sintesi-rcc
Processo Offerta,Percentuale Successo RCC,RC,lamico,Responsabile Commerciale,T,FAIL,ERR,,"HTTPSConnectionPool(host='localhost', port=7643): Max retries exceeded with url: /api/processo-offerta/sintesi-rcc?anni=2026&profile=Responsabile+Commerciale (Caused by SSLError(SSLCertVerificationError(1, '[SSL: CERTIFICATE_VERIFY_FAILED] ",/api/processo-offerta/sintesi-rcc
Processo Offerta,Percentuale Successo RCC,RCC,aaltana,Responsabile Commerciale Commessa,P,FAIL,ERR,,"HTTPSConnectionPool(host='localhost', port=7643): Max retries exceeded with url: /api/processo-offerta/sintesi-rcc?anni=2026&profile=Responsabile+Commerciale+Commessa (Caused by SSLError(SSLCertVerificationError(1, '[SSL: CERTIFICATE_VERIFY",/api/processo-offerta/sintesi-rcc
Processo Offerta,Percentuale Successo RCC,RP,eragusa,Responsabile Produzione,T,FAIL,ERR,,"HTTPSConnectionPool(host='localhost', port=7643): Max retries exceeded with url: /api/processo-offerta/sintesi-rcc?anni=2026&profile=Responsabile+Produzione (Caused by SSLError(SSLCertVerificationError(1, '[SSL: CERTIFICATE_VERIFY_FAILED] c",/api/processo-offerta/sintesi-rcc
Processo Offerta,Percentuale Successo RCC,PM,rguafnaccia,Project Manager,-,FAIL,ERR,,"HTTPSConnectionPool(host='localhost', port=7643): Max retries exceeded with url: /api/processo-offerta/sintesi-rcc?anni=2026&profile=Project+Manager (Caused by SSLError(SSLCertVerificationError(1, '[SSL: CERTIFICATE_VERIFY_FAILED] certifica",/api/processo-offerta/sintesi-rcc
Processo Offerta,Percentuale Successo RCC,GPM,ccampione,General Project Manager,-,FAIL,ERR,,"HTTPSConnectionPool(host='localhost', port=7643): Max retries exceeded with url: /api/processo-offerta/sintesi-rcc?anni=2026&profile=General+Project+Manager (Caused by SSLError(SSLCertVerificationError(1, '[SSL: CERTIFICATE_VERIFY_FAILED] c",/api/processo-offerta/sintesi-rcc
Processo Offerta,Percentuale Successo RCC,HR,agarilli,Risorse Umane,-,FAIL,ERR,,"HTTPSConnectionPool(host='localhost', port=7643): Max retries exceeded with url: /api/processo-offerta/sintesi-rcc?anni=2026&profile=Risorse+Umane (Caused by SSLError(SSLCertVerificationError(1, '[SSL: CERTIFICATE_VERIFY_FAILED] certificate",/api/processo-offerta/sintesi-rcc
Processo Offerta,Percentuale Successo RCC,ROU,ascuderi,Responsabile OU,P,FAIL,ERR,,"HTTPSConnectionPool(host='localhost', port=7643): Max retries exceeded with url: /api/processo-offerta/sintesi-rcc?anni=2026&profile=Responsabile+OU (Caused by SSLError(SSLCertVerificationError(1, '[SSL: CERTIFICATE_VERIFY_FAILED] certifica",/api/processo-offerta/sintesi-rcc
Processo Offerta,Percentuale Successo BU,Sup,Stefano,Supervisore,T,FAIL,ERR,,"HTTPSConnectionPool(host='localhost', port=7643): Max retries exceeded with url: /api/processo-offerta/sintesi-bu?anni=2026&profile=Supervisore (Caused by SSLError(SSLCertVerificationError(1, '[SSL: CERTIFICATE_VERIFY_FAILED] certificate ve",/api/processo-offerta/sintesi-bu
Processo Offerta,Percentuale Successo BU,RC,lamico,Responsabile Commerciale,T,FAIL,ERR,,"HTTPSConnectionPool(host='localhost', port=7643): Max retries exceeded with url: /api/processo-offerta/sintesi-bu?anni=2026&profile=Responsabile+Commerciale (Caused by SSLError(SSLCertVerificationError(1, '[SSL: CERTIFICATE_VERIFY_FAILED] c",/api/processo-offerta/sintesi-bu
Processo Offerta,Percentuale Successo BU,RCC,aaltana,Responsabile Commerciale Commessa,P,FAIL,ERR,,"HTTPSConnectionPool(host='localhost', port=7643): Max retries exceeded with url: /api/processo-offerta/sintesi-bu?anni=2026&profile=Responsabile+Commerciale+Commessa (Caused by SSLError(SSLCertVerificationError(1, '[SSL: CERTIFICATE_VERIFY_",/api/processo-offerta/sintesi-bu
Processo Offerta,Percentuale Successo BU,RP,eragusa,Responsabile Produzione,T,FAIL,ERR,,"HTTPSConnectionPool(host='localhost', port=7643): Max retries exceeded with url: /api/processo-offerta/sintesi-bu?anni=2026&profile=Responsabile+Produzione (Caused by SSLError(SSLCertVerificationError(1, '[SSL: CERTIFICATE_VERIFY_FAILED] ce",/api/processo-offerta/sintesi-bu
Processo Offerta,Percentuale Successo BU,PM,rguafnaccia,Project Manager,-,FAIL,ERR,,"HTTPSConnectionPool(host='localhost', port=7643): Max retries exceeded with url: /api/processo-offerta/sintesi-bu?anni=2026&profile=Project+Manager (Caused by SSLError(SSLCertVerificationError(1, '[SSL: CERTIFICATE_VERIFY_FAILED] certificat",/api/processo-offerta/sintesi-bu
Processo Offerta,Percentuale Successo BU,GPM,ccampione,General Project Manager,-,FAIL,ERR,,"HTTPSConnectionPool(host='localhost', port=7643): Max retries exceeded with url: /api/processo-offerta/sintesi-bu?anni=2026&profile=General+Project+Manager (Caused by SSLError(SSLCertVerificationError(1, '[SSL: CERTIFICATE_VERIFY_FAILED] ce",/api/processo-offerta/sintesi-bu
Processo Offerta,Percentuale Successo BU,HR,agarilli,Risorse Umane,-,FAIL,ERR,,"HTTPSConnectionPool(host='localhost', port=7643): Max retries exceeded with url: /api/processo-offerta/sintesi-bu?anni=2026&profile=Risorse+Umane (Caused by SSLError(SSLCertVerificationError(1, '[SSL: CERTIFICATE_VERIFY_FAILED] certificate ",/api/processo-offerta/sintesi-bu
Processo Offerta,Percentuale Successo BU,ROU,ascuderi,Responsabile OU,P,FAIL,ERR,,"HTTPSConnectionPool(host='localhost', port=7643): Max retries exceeded with url: /api/processo-offerta/sintesi-bu?anni=2026&profile=Responsabile+OU (Caused by SSLError(SSLCertVerificationError(1, '[SSL: CERTIFICATE_VERIFY_FAILED] certificat",/api/processo-offerta/sintesi-bu
Processo Offerta,Incidenza RCC,Sup,Stefano,Supervisore,T,FAIL,ERR,,"HTTPSConnectionPool(host='localhost', port=7643): Max retries exceeded with url: /api/processo-offerta/sintesi-rcc?anni=2026&profile=Supervisore (Caused by SSLError(SSLCertVerificationError(1, '[SSL: CERTIFICATE_VERIFY_FAILED] certificate v",/api/processo-offerta/sintesi-rcc
Processo Offerta,Incidenza RCC,RC,lamico,Responsabile Commerciale,T,FAIL,ERR,,"HTTPSConnectionPool(host='localhost', port=7643): Max retries exceeded with url: /api/processo-offerta/sintesi-rcc?anni=2026&profile=Responsabile+Commerciale (Caused by SSLError(SSLCertVerificationError(1, '[SSL: CERTIFICATE_VERIFY_FAILED] ",/api/processo-offerta/sintesi-rcc
Processo Offerta,Incidenza RCC,RCC,aaltana,Responsabile Commerciale Commessa,P,FAIL,ERR,,"HTTPSConnectionPool(host='localhost', port=7643): Max retries exceeded with url: /api/processo-offerta/sintesi-rcc?anni=2026&profile=Responsabile+Commerciale+Commessa (Caused by SSLError(SSLCertVerificationError(1, '[SSL: CERTIFICATE_VERIFY",/api/processo-offerta/sintesi-rcc
Processo Offerta,Incidenza RCC,RP,eragusa,Responsabile Produzione,T,FAIL,ERR,,"HTTPSConnectionPool(host='localhost', port=7643): Max retries exceeded with url: /api/processo-offerta/sintesi-rcc?anni=2026&profile=Responsabile+Produzione (Caused by SSLError(SSLCertVerificationError(1, '[SSL: CERTIFICATE_VERIFY_FAILED] c",/api/processo-offerta/sintesi-rcc
Processo Offerta,Incidenza RCC,PM,rguafnaccia,Project Manager,-,FAIL,ERR,,"HTTPSConnectionPool(host='localhost', port=7643): Max retries exceeded with url: /api/processo-offerta/sintesi-rcc?anni=2026&profile=Project+Manager (Caused by SSLError(SSLCertVerificationError(1, '[SSL: CERTIFICATE_VERIFY_FAILED] certifica",/api/processo-offerta/sintesi-rcc
Processo Offerta,Incidenza RCC,GPM,ccampione,General Project Manager,-,FAIL,ERR,,"HTTPSConnectionPool(host='localhost', port=7643): Max retries exceeded with url: /api/processo-offerta/sintesi-rcc?anni=2026&profile=General+Project+Manager (Caused by SSLError(SSLCertVerificationError(1, '[SSL: CERTIFICATE_VERIFY_FAILED] c",/api/processo-offerta/sintesi-rcc
Processo Offerta,Incidenza RCC,HR,agarilli,Risorse Umane,-,FAIL,ERR,,"HTTPSConnectionPool(host='localhost', port=7643): Max retries exceeded with url: /api/processo-offerta/sintesi-rcc?anni=2026&profile=Risorse+Umane (Caused by SSLError(SSLCertVerificationError(1, '[SSL: CERTIFICATE_VERIFY_FAILED] certificate",/api/processo-offerta/sintesi-rcc
Processo Offerta,Incidenza RCC,ROU,ascuderi,Responsabile OU,P,FAIL,ERR,,"HTTPSConnectionPool(host='localhost', port=7643): Max retries exceeded with url: /api/processo-offerta/sintesi-rcc?anni=2026&profile=Responsabile+OU (Caused by SSLError(SSLCertVerificationError(1, '[SSL: CERTIFICATE_VERIFY_FAILED] certifica",/api/processo-offerta/sintesi-rcc
Processo Offerta,Incidenza BU,Sup,Stefano,Supervisore,T,FAIL,ERR,,"HTTPSConnectionPool(host='localhost', port=7643): Max retries exceeded with url: /api/processo-offerta/sintesi-bu?anni=2026&profile=Supervisore (Caused by SSLError(SSLCertVerificationError(1, '[SSL: CERTIFICATE_VERIFY_FAILED] certificate ve",/api/processo-offerta/sintesi-bu
Processo Offerta,Incidenza BU,RC,lamico,Responsabile Commerciale,T,FAIL,ERR,,"HTTPSConnectionPool(host='localhost', port=7643): Max retries exceeded with url: /api/processo-offerta/sintesi-bu?anni=2026&profile=Responsabile+Commerciale (Caused by SSLError(SSLCertVerificationError(1, '[SSL: CERTIFICATE_VERIFY_FAILED] c",/api/processo-offerta/sintesi-bu
Processo Offerta,Incidenza BU,RCC,aaltana,Responsabile Commerciale Commessa,P,FAIL,ERR,,"HTTPSConnectionPool(host='localhost', port=7643): Max retries exceeded with url: /api/processo-offerta/sintesi-bu?anni=2026&profile=Responsabile+Commerciale+Commessa (Caused by SSLError(SSLCertVerificationError(1, '[SSL: CERTIFICATE_VERIFY_",/api/processo-offerta/sintesi-bu
Processo Offerta,Incidenza BU,RP,eragusa,Responsabile Produzione,T,FAIL,ERR,,"HTTPSConnectionPool(host='localhost', port=7643): Max retries exceeded with url: /api/processo-offerta/sintesi-bu?anni=2026&profile=Responsabile+Produzione (Caused by SSLError(SSLCertVerificationError(1, '[SSL: CERTIFICATE_VERIFY_FAILED] ce",/api/processo-offerta/sintesi-bu
Processo Offerta,Incidenza BU,PM,rguafnaccia,Project Manager,-,FAIL,ERR,,"HTTPSConnectionPool(host='localhost', port=7643): Max retries exceeded with url: /api/processo-offerta/sintesi-bu?anni=2026&profile=Project+Manager (Caused by SSLError(SSLCertVerificationError(1, '[SSL: CERTIFICATE_VERIFY_FAILED] certificat",/api/processo-offerta/sintesi-bu
Processo Offerta,Incidenza BU,GPM,ccampione,General Project Manager,-,FAIL,ERR,,"HTTPSConnectionPool(host='localhost', port=7643): Max retries exceeded with url: /api/processo-offerta/sintesi-bu?anni=2026&profile=General+Project+Manager (Caused by SSLError(SSLCertVerificationError(1, '[SSL: CERTIFICATE_VERIFY_FAILED] ce",/api/processo-offerta/sintesi-bu
Processo Offerta,Incidenza BU,HR,agarilli,Risorse Umane,-,FAIL,ERR,,"HTTPSConnectionPool(host='localhost', port=7643): Max retries exceeded with url: /api/processo-offerta/sintesi-bu?anni=2026&profile=Risorse+Umane (Caused by SSLError(SSLCertVerificationError(1, '[SSL: CERTIFICATE_VERIFY_FAILED] certificate ",/api/processo-offerta/sintesi-bu
Processo Offerta,Incidenza BU,ROU,ascuderi,Responsabile OU,P,FAIL,ERR,,"HTTPSConnectionPool(host='localhost', port=7643): Max retries exceeded with url: /api/processo-offerta/sintesi-bu?anni=2026&profile=Responsabile+OU (Caused by SSLError(SSLCertVerificationError(1, '[SSL: CERTIFICATE_VERIFY_FAILED] certificat",/api/processo-offerta/sintesi-bu
Dati Contabili,Vendite,Sup,Stefano,Supervisore,T,FAIL,ERR,,"HTTPSConnectionPool(host='localhost', port=7643): Max retries exceeded with url: /api/dati-contabili/vendite?anni=2026&take=100&profile=Supervisore (Caused by SSLError(SSLCertVerificationError(1, '[SSL: CERTIFICATE_VERIFY_FAILED] certificat",/api/dati-contabili/vendite
Dati Contabili,Vendite,RC,lamico,Responsabile Commerciale,T,FAIL,ERR,,"HTTPSConnectionPool(host='localhost', port=7643): Max retries exceeded with url: /api/dati-contabili/vendite?anni=2026&take=100&profile=Responsabile+Commerciale (Caused by SSLError(SSLCertVerificationError(1, '[SSL: CERTIFICATE_VERIFY_FAILE",/api/dati-contabili/vendite
Dati Contabili,Vendite,RCC,aaltana,Responsabile Commerciale Commessa,P,FAIL,ERR,,"HTTPSConnectionPool(host='localhost', port=7643): Max retries exceeded with url: /api/dati-contabili/vendite?anni=2026&take=100&profile=Responsabile+Commerciale+Commessa (Caused by SSLError(SSLCertVerificationError(1, '[SSL: CERTIFICATE_VER",/api/dati-contabili/vendite
Dati Contabili,Vendite,RP,eragusa,Responsabile Produzione,T,FAIL,ERR,,"HTTPSConnectionPool(host='localhost', port=7643): Max retries exceeded with url: /api/dati-contabili/vendite?anni=2026&take=100&profile=Responsabile+Produzione (Caused by SSLError(SSLCertVerificationError(1, '[SSL: CERTIFICATE_VERIFY_FAILED",/api/dati-contabili/vendite
Dati Contabili,Vendite,PM,rguafnaccia,Project Manager,P,FAIL,ERR,,"HTTPSConnectionPool(host='localhost', port=7643): Max retries exceeded with url: /api/dati-contabili/vendite?anni=2026&take=100&profile=Project+Manager (Caused by SSLError(SSLCertVerificationError(1, '[SSL: CERTIFICATE_VERIFY_FAILED] certif",/api/dati-contabili/vendite
Dati Contabili,Vendite,GPM,ccampione,General Project Manager,T,FAIL,ERR,,"HTTPSConnectionPool(host='localhost', port=7643): Max retries exceeded with url: /api/dati-contabili/vendite?anni=2026&take=100&profile=General+Project+Manager (Caused by SSLError(SSLCertVerificationError(1, '[SSL: CERTIFICATE_VERIFY_FAILED",/api/dati-contabili/vendite
Dati Contabili,Vendite,HR,agarilli,Risorse Umane,-,FAIL,ERR,,"HTTPSConnectionPool(host='localhost', port=7643): Max retries exceeded with url: /api/dati-contabili/vendite?anni=2026&take=100&profile=Risorse+Umane (Caused by SSLError(SSLCertVerificationError(1, '[SSL: CERTIFICATE_VERIFY_FAILED] certific",/api/dati-contabili/vendite
Dati Contabili,Vendite,ROU,ascuderi,Responsabile OU,P,FAIL,ERR,,"HTTPSConnectionPool(host='localhost', port=7643): Max retries exceeded with url: /api/dati-contabili/vendite?anni=2026&take=100&profile=Responsabile+OU (Caused by SSLError(SSLCertVerificationError(1, '[SSL: CERTIFICATE_VERIFY_FAILED] certif",/api/dati-contabili/vendite
Dati Contabili,Acquisti,Sup,Stefano,Supervisore,T,FAIL,ERR,,"HTTPSConnectionPool(host='localhost', port=7643): Max retries exceeded with url: /api/dati-contabili/acquisti?anni=2026&take=100&profile=Supervisore (Caused by SSLError(SSLCertVerificationError(1, '[SSL: CERTIFICATE_VERIFY_FAILED] certifica",/api/dati-contabili/acquisti
Dati Contabili,Acquisti,RC,lamico,Responsabile Commerciale,T,FAIL,ERR,,"HTTPSConnectionPool(host='localhost', port=7643): Max retries exceeded with url: /api/dati-contabili/acquisti?anni=2026&take=100&profile=Responsabile+Commerciale (Caused by SSLError(SSLCertVerificationError(1, '[SSL: CERTIFICATE_VERIFY_FAIL",/api/dati-contabili/acquisti
Dati Contabili,Acquisti,RCC,aaltana,Responsabile Commerciale Commessa,P,FAIL,ERR,,"HTTPSConnectionPool(host='localhost', port=7643): Max retries exceeded with url: /api/dati-contabili/acquisti?anni=2026&take=100&profile=Responsabile+Commerciale+Commessa (Caused by SSLError(SSLCertVerificationError(1, '[SSL: CERTIFICATE_VE",/api/dati-contabili/acquisti
Dati Contabili,Acquisti,RP,eragusa,Responsabile Produzione,T,FAIL,ERR,,"HTTPSConnectionPool(host='localhost', port=7643): Max retries exceeded with url: /api/dati-contabili/acquisti?anni=2026&take=100&profile=Responsabile+Produzione (Caused by SSLError(SSLCertVerificationError(1, '[SSL: CERTIFICATE_VERIFY_FAILE",/api/dati-contabili/acquisti
Dati Contabili,Acquisti,PM,rguafnaccia,Project Manager,P,FAIL,ERR,,"HTTPSConnectionPool(host='localhost', port=7643): Max retries exceeded with url: /api/dati-contabili/acquisti?anni=2026&take=100&profile=Project+Manager (Caused by SSLError(SSLCertVerificationError(1, '[SSL: CERTIFICATE_VERIFY_FAILED] certi",/api/dati-contabili/acquisti
Dati Contabili,Acquisti,GPM,ccampione,General Project Manager,T,FAIL,ERR,,"HTTPSConnectionPool(host='localhost', port=7643): Max retries exceeded with url: /api/dati-contabili/acquisti?anni=2026&take=100&profile=General+Project+Manager (Caused by SSLError(SSLCertVerificationError(1, '[SSL: CERTIFICATE_VERIFY_FAILE",/api/dati-contabili/acquisti
Dati Contabili,Acquisti,HR,agarilli,Risorse Umane,-,FAIL,ERR,,"HTTPSConnectionPool(host='localhost', port=7643): Max retries exceeded with url: /api/dati-contabili/acquisti?anni=2026&take=100&profile=Risorse+Umane (Caused by SSLError(SSLCertVerificationError(1, '[SSL: CERTIFICATE_VERIFY_FAILED] certifi",/api/dati-contabili/acquisti
Dati Contabili,Acquisti,ROU,ascuderi,Responsabile OU,P,FAIL,ERR,,"HTTPSConnectionPool(host='localhost', port=7643): Max retries exceeded with url: /api/dati-contabili/acquisti?anni=2026&take=100&profile=Responsabile+OU (Caused by SSLError(SSLCertVerificationError(1, '[SSL: CERTIFICATE_VERIFY_FAILED] certi",/api/dati-contabili/acquisti
