menu,voce,descrizione,col,user,profile,right,status,http,count,note,endpoint,params
Analisi Commesse,Commesse,"Vista principale commesse con filtri, export e accesso al dettaglio",Sup,Stefano,Supervisore,T,OK,200,50,OK,/api/commesse/sintesi,"{""anni"": ""2026"", ""take"": ""50"", ""profile"": ""Supervisore""}"
Analisi Commesse,Commesse,"Vista principale commesse con filtri, export e accesso al dettaglio",RC,lamico,Responsabile Commerciale,T,OK,200,50,OK,/api/commesse/sintesi,"{""anni"": ""2026"", ""take"": ""50"", ""profile"": ""Responsabile Commerciale""}"
Analisi Commesse,Commesse,"Vista principale commesse con filtri, export e accesso al dettaglio",RCC,aaltana,Responsabile Commerciale Commessa,P,OK,200,22,OK,/api/commesse/sintesi,"{""anni"": ""2026"", ""take"": ""50"", ""profile"": ""Responsabile Commerciale Commessa""}"
Analisi Commesse,Commesse,"Vista principale commesse con filtri, export e accesso al dettaglio",RP,eragusa,Responsabile Produzione,T,OK,200,50,OK,/api/commesse/sintesi,"{""anni"": ""2026"", ""take"": ""50"", ""profile"": ""Responsabile Produzione""}"
Analisi Commesse,Commesse,"Vista principale commesse con filtri, export e accesso al dettaglio",PM,rguarnaccia,Project Manager,P,OK,200,5,OK,/api/commesse/sintesi,"{""anni"": ""2026"", ""take"": ""50"", ""profile"": ""Project Manager""}"
Analisi Commesse,Commesse,"Vista principale commesse con filtri, export e accesso al dettaglio",GPM,ccampione,General Project Manager,T,OK,200,50,OK,/api/commesse/sintesi,"{""anni"": ""2026"", ""take"": ""50"", ""profile"": ""General Project Manager""}"
Analisi Commesse,Commesse,"Vista principale commesse con filtri, export e accesso al dettaglio",HR,agarilli,Risorse Umane,-,OK,403,,Accesso negato come atteso,/api/commesse/sintesi,"{""anni"": ""2026"", ""take"": ""50"", ""profile"": ""Risorse Umane""}"
Analisi Commesse,Commesse,"Vista principale commesse con filtri, export e accesso al dettaglio",ROU,ascuderi,Responsabile OU,P,OK,200,38,OK,/api/commesse/sintesi,"{""anni"": ""2026"", ""take"": ""50"", ""profile"": ""Responsabile OU""}"
Analisi Commesse,Prodotti,Analisi commesse raggruppata per prodotto con totali,Sup,Stefano,Supervisore,T,OK,200,50,OK,/api/prodotti/sintesi,"{""anni"": ""2026"", ""take"": ""50"", ""profile"": ""Supervisore""}"
Analisi Commesse,Prodotti,Analisi commesse raggruppata per prodotto con totali,RC,lamico,Responsabile Commerciale,T,OK,200,50,OK,/api/prodotti/sintesi,"{""anni"": ""2026"", ""take"": ""50"", ""profile"": ""Responsabile Commerciale""}"
Analisi Commesse,Prodotti,Analisi commesse raggruppata per prodotto con totali,RCC,aaltana,Responsabile Commerciale Commessa,P,WARN,200,0,Ricerca eseguita ma 0 risultati,/api/prodotti/sintesi,"{""anni"": ""2026"", ""take"": ""50"", ""profile"": ""Responsabile Commerciale Commessa""}"
Analisi Commesse,Prodotti,Analisi commesse raggruppata per prodotto con totali,RP,eragusa,Responsabile Produzione,T,OK,200,50,OK,/api/prodotti/sintesi,"{""anni"": ""2026"", ""take"": ""50"", ""profile"": ""Responsabile Produzione""}"
Analisi Commesse,Prodotti,Analisi commesse raggruppata per prodotto con totali,PM,rguarnaccia,Project Manager,P,OK,200,2,OK,/api/prodotti/sintesi,"{""anni"": ""2026"", ""take"": ""50"", ""profile"": ""Project Manager""}"
Analisi Commesse,Prodotti,Analisi commesse raggruppata per prodotto con totali,GPM,ccampione,General Project Manager,T,OK,200,50,OK,/api/prodotti/sintesi,"{""anni"": ""2026"", ""take"": ""50"", ""profile"": ""General Project Manager""}"
Analisi Commesse,Prodotti,Analisi commesse raggruppata per prodotto con totali,HR,agarilli,Risorse Umane,-,OK,403,,Accesso negato come atteso,/api/prodotti/sintesi,"{""anni"": ""2026"", ""take"": ""50"", ""profile"": ""Risorse Umane""}"
Analisi Commesse,Prodotti,Analisi commesse raggruppata per prodotto con totali,ROU,ascuderi,Responsabile OU,P,OK,200,16,OK,/api/prodotti/sintesi,"{""anni"": ""2026"", ""take"": ""50"", ""profile"": ""Responsabile OU""}"
Analisi Commesse,Andamento Mensile,Andamento mensile ricavi/costi/utile/ore,Sup,Stefano,Supervisore,T,OK,200,50,OK,/api/commesse/andamento-mensile,"{""anni"": ""2026"", ""take"": ""50"", ""profile"": ""Supervisore""}"
Analisi Commesse,Andamento Mensile,Andamento mensile ricavi/costi/utile/ore,RC,lamico,Responsabile Commerciale,T,OK,200,50,OK,/api/commesse/andamento-mensile,"{""anni"": ""2026"", ""take"": ""50"", ""profile"": ""Responsabile Commerciale""}"
Analisi Commesse,Andamento Mensile,Andamento mensile ricavi/costi/utile/ore,RCC,aaltana,Responsabile Commerciale Commessa,P,WARN,200,0,Ricerca eseguita ma 0 risultati,/api/commesse/andamento-mensile,"{""anni"": ""2026"", ""take"": ""50"", ""profile"": ""Responsabile Commerciale Commessa""}"
Analisi Commesse,Andamento Mensile,Andamento mensile ricavi/costi/utile/ore,RP,eragusa,Responsabile Produzione,T,OK,200,50,OK,/api/commesse/andamento-mensile,"{""anni"": ""2026"", ""take"": ""50"", ""profile"": ""Responsabile Produzione""}"
Analisi Commesse,Andamento Mensile,Andamento mensile ricavi/costi/utile/ore,PM,rguarnaccia,Project Manager,P,WARN,200,0,Ricerca eseguita ma 0 risultati,/api/commesse/andamento-mensile,"{""anni"": ""2026"", ""take"": ""50"", ""profile"": ""Project Manager""}"
Analisi Commesse,Andamento Mensile,Andamento mensile ricavi/costi/utile/ore,GPM,ccampione,General Project Manager,T,OK,200,50,OK,/api/commesse/andamento-mensile,"{""anni"": ""2026"", ""take"": ""50"", ""profile"": ""General Project Manager""}"
Analisi Commesse,Andamento Mensile,Andamento mensile ricavi/costi/utile/ore,HR,agarilli,Risorse Umane,-,OK,403,,Accesso negato come atteso,/api/commesse/andamento-mensile,"{""anni"": ""2026"", ""take"": ""50"", ""profile"": ""Risorse Umane""}"
Analisi Commesse,Andamento Mensile,Andamento mensile ricavi/costi/utile/ore,ROU,ascuderi,Responsabile OU,P,OK,200,50,OK,/api/commesse/andamento-mensile,"{""anni"": ""2026"", ""take"": ""50"", ""profile"": ""Responsabile OU""}"
Analisi Commesse,Dati Annuali Aggregati,Pivot annuale aggregata per dimensioni di business,Sup,Stefano,Supervisore,T,OK,200,11,OK,/api/commesse/dati-annuali-aggregati,"{""anni"": ""2026"", ""aggregazione"": ""rcc"", ""profile"": ""Supervisore""}"
Analisi Commesse,Dati Annuali Aggregati,Pivot annuale aggregata per dimensioni di business,RC,lamico,Responsabile Commerciale,T,OK,200,11,OK,/api/commesse/dati-annuali-aggregati,"{""anni"": ""2026"", ""aggregazione"": ""rcc"", ""profile"": ""Responsabile Commerciale""}"
Analisi Commesse,Dati Annuali Aggregati,Pivot annuale aggregata per dimensioni di business,RCC,aaltana,Responsabile Commerciale Commessa,P,OK,200,1,OK,/api/commesse/dati-annuali-aggregati,"{""anni"": ""2026"", ""aggregazione"": ""rcc"", ""profile"": ""Responsabile Commerciale Commessa""}"
Analisi Commesse,Dati Annuali Aggregati,Pivot annuale aggregata per dimensioni di business,RP,eragusa,Responsabile Produzione,T,OK,200,11,OK,/api/commesse/dati-annuali-aggregati,"{""anni"": ""2026"", ""aggregazione"": ""rcc"", ""profile"": ""Responsabile Produzione""}"
Analisi Commesse,Dati Annuali Aggregati,Pivot annuale aggregata per dimensioni di business,PM,rguarnaccia,Project Manager,P,OK,200,2,OK,/api/commesse/dati-annuali-aggregati,"{""anni"": ""2026"", ""aggregazione"": ""rcc"", ""profile"": ""Project Manager""}"
Analisi Commesse,Dati Annuali Aggregati,Pivot annuale aggregata per dimensioni di business,GPM,ccampione,General Project Manager,T,OK,200,11,OK,/api/commesse/dati-annuali-aggregati,"{""anni"": ""2026"", ""aggregazione"": ""rcc"", ""profile"": ""General Project Manager""}"
Analisi Commesse,Dati Annuali Aggregati,Pivot annuale aggregata per dimensioni di business,HR,agarilli,Risorse Umane,-,OK,403,,Accesso negato come atteso,/api/commesse/dati-annuali-aggregati,"{""anni"": ""2026"", ""aggregazione"": ""rcc"", ""profile"": ""Risorse Umane""}"
Analisi Commesse,Dati Annuali Aggregati,Pivot annuale aggregata per dimensioni di business,ROU,ascuderi,Responsabile OU,P,OK,200,3,OK,/api/commesse/dati-annuali-aggregati,"{""anni"": ""2026"", ""aggregazione"": ""rcc"", ""profile"": ""Responsabile OU""}"
Analisi Commesse,Commesse Anomale,Elenco anomalie operative e contabili commesse,Sup,Stefano,Supervisore,T,OK,200,147,OK,/api/commesse/anomale,"{""take"": ""200"", ""profile"": ""Supervisore""}"
Analisi Commesse,Commesse Anomale,Elenco anomalie operative e contabili commesse,RC,lamico,Responsabile Commerciale,T,OK,200,147,OK,/api/commesse/anomale,"{""take"": ""200"", ""profile"": ""Responsabile Commerciale""}"
Analisi Commesse,Commesse Anomale,Elenco anomalie operative e contabili commesse,RCC,aaltana,Responsabile Commerciale Commessa,P,OK,200,3,OK,/api/commesse/anomale,"{""take"": ""200"", ""profile"": ""Responsabile Commerciale Commessa""}"
Analisi Commesse,Commesse Anomale,Elenco anomalie operative e contabili commesse,RP,eragusa,Responsabile Produzione,T,OK,200,147,OK,/api/commesse/anomale,"{""take"": ""200"", ""profile"": ""Responsabile Produzione""}"
Analisi Commesse,Commesse Anomale,Elenco anomalie operative e contabili commesse,PM,rguarnaccia,Project Manager,P,OK,200,3,OK,/api/commesse/anomale,"{""take"": ""200"", ""profile"": ""Project Manager""}"
Analisi Commesse,Commesse Anomale,Elenco anomalie operative e contabili commesse,GPM,ccampione,General Project Manager,T,OK,200,147,OK,/api/commesse/anomale,"{""take"": ""200"", ""profile"": ""General Project Manager""}"
Analisi Commesse,Commesse Anomale,Elenco anomalie operative e contabili commesse,HR,agarilli,Risorse Umane,-,OK,403,,Accesso negato come atteso,/api/commesse/anomale,"{""take"": ""200"", ""profile"": ""Risorse Umane""}"
Analisi Commesse,Commesse Anomale,Elenco anomalie operative e contabili commesse,ROU,ascuderi,Responsabile OU,P,OK,200,14,OK,/api/commesse/anomale,"{""take"": ""200"", ""profile"": ""Responsabile OU""}"
Analisi Commesse,Utile Mensile RCC,Consuntivo utile mensile con aggregazione RCC,Sup,Stefano,Supervisore,T,OK,200,11,OK,/api/analisi-rcc/utile-mensile-rcc,"{""anni"": ""2026"", ""profile"": ""Supervisore""}"
Analisi Commesse,Utile Mensile RCC,Consuntivo utile mensile con aggregazione RCC,RC,lamico,Responsabile Commerciale,T,OK,200,11,OK,/api/analisi-rcc/utile-mensile-rcc,"{""anni"": ""2026"", ""profile"": ""Responsabile Commerciale""}"
Analisi Commesse,Utile Mensile RCC,Consuntivo utile mensile con aggregazione RCC,RCC,aaltana,Responsabile Commerciale Commessa,P,OK,200,1,OK,/api/analisi-rcc/utile-mensile-rcc,"{""anni"": ""2026"", ""profile"": ""Responsabile Commerciale Commessa""}"
Analisi Commesse,Utile Mensile RCC,Consuntivo utile mensile con aggregazione RCC,RP,eragusa,Responsabile Produzione,T,OK,200,11,OK,/api/analisi-rcc/utile-mensile-rcc,"{""anni"": ""2026"", ""profile"": ""Responsabile Produzione""}"
Analisi Commesse,Utile Mensile RCC,Consuntivo utile mensile con aggregazione RCC,PM,rguarnaccia,Project Manager,-,OK,403,,Accesso negato come atteso,/api/analisi-rcc/utile-mensile-rcc,"{""anni"": ""2026"", ""profile"": ""Project Manager""}"
Analisi Commesse,Utile Mensile RCC,Consuntivo utile mensile con aggregazione RCC,GPM,ccampione,General Project Manager,-,OK,403,,Accesso negato come atteso,/api/analisi-rcc/utile-mensile-rcc,"{""anni"": ""2026"", ""profile"": ""General Project Manager""}"
Analisi Commesse,Utile Mensile RCC,Consuntivo utile mensile con aggregazione RCC,HR,agarilli,Risorse Umane,-,OK,403,,Accesso negato come atteso,/api/analisi-rcc/utile-mensile-rcc,"{""anni"": ""2026"", ""profile"": ""Risorse Umane""}"
Analisi Commesse,Utile Mensile RCC,Consuntivo utile mensile con aggregazione RCC,ROU,ascuderi,Responsabile OU,P,OK,200,2,OK,/api/analisi-rcc/utile-mensile-rcc,"{""anni"": ""2026"", ""profile"": ""Responsabile OU""}"
Analisi Commesse,Utile Mensile BU,Consuntivo utile mensile con aggregazione BU,Sup,Stefano,Supervisore,T,OK,200,12,OK,/api/analisi-rcc/utile-mensile-bu,"{""anni"": ""2026"", ""profile"": ""Supervisore""}"
Analisi Commesse,Utile Mensile BU,Consuntivo utile mensile con aggregazione BU,RC,lamico,Responsabile Commerciale,T,OK,200,12,OK,/api/analisi-rcc/utile-mensile-bu,"{""anni"": ""2026"", ""profile"": ""Responsabile Commerciale""}"
Analisi Commesse,Utile Mensile BU,Consuntivo utile mensile con aggregazione BU,RCC,aaltana,Responsabile Commerciale Commessa,P,OK,200,4,OK,/api/analisi-rcc/utile-mensile-bu,"{""anni"": ""2026"", ""profile"": ""Responsabile Commerciale Commessa""}"
Analisi Commesse,Utile Mensile BU,Consuntivo utile mensile con aggregazione BU,RP,eragusa,Responsabile Produzione,T,OK,200,12,OK,/api/analisi-rcc/utile-mensile-bu,"{""anni"": ""2026"", ""profile"": ""Responsabile Produzione""}"
Analisi Commesse,Utile Mensile BU,Consuntivo utile mensile con aggregazione BU,PM,rguarnaccia,Project Manager,-,OK,403,,Accesso negato come atteso,/api/analisi-rcc/utile-mensile-bu,"{""anni"": ""2026"", ""profile"": ""Project Manager""}"
Analisi Commesse,Utile Mensile BU,Consuntivo utile mensile con aggregazione BU,GPM,ccampione,General Project Manager,-,OK,403,,Accesso negato come atteso,/api/analisi-rcc/utile-mensile-bu,"{""anni"": ""2026"", ""profile"": ""General Project Manager""}"
Analisi Commesse,Utile Mensile BU,Consuntivo utile mensile con aggregazione BU,HR,agarilli,Risorse Umane,-,OK,403,,Accesso negato come atteso,/api/analisi-rcc/utile-mensile-bu,"{""anni"": ""2026"", ""profile"": ""Risorse Umane""}"
Analisi Commesse,Utile Mensile BU,Consuntivo utile mensile con aggregazione BU,ROU,ascuderi,Responsabile OU,P,OK,200,1,OK,/api/analisi-rcc/utile-mensile-bu,"{""anni"": ""2026"", ""profile"": ""Responsabile OU""}"
Analisi Risorse,Valutazione Annuale,Vista analitica annuale per risorsa,Sup,Stefano,Supervisore,T,OK,200,100,OK,/api/commesse/risorse/valutazione,"{""mensile"": ""false"", ""take"": ""100"", ""profile"": ""Supervisore""}"
Analisi Risorse,Valutazione Annuale,Vista analitica annuale per risorsa,RC,lamico,Responsabile Commerciale,T,OK,200,100,OK,/api/commesse/risorse/valutazione,"{""mensile"": ""false"", ""take"": ""100"", ""profile"": ""Responsabile Commerciale""}"
Analisi Risorse,Valutazione Annuale,Vista analitica annuale per risorsa,RCC,aaltana,Responsabile Commerciale Commessa,P,OK,200,100,OK,/api/commesse/risorse/valutazione,"{""mensile"": ""false"", ""take"": ""100"", ""profile"": ""Responsabile Commerciale Commessa""}"
Analisi Risorse,Valutazione Annuale,Vista analitica annuale per risorsa,RP,eragusa,Responsabile Produzione,T,OK,200,100,OK,/api/commesse/risorse/valutazione,"{""mensile"": ""false"", ""take"": ""100"", ""profile"": ""Responsabile Produzione""}"
Analisi Risorse,Valutazione Annuale,Vista analitica annuale per risorsa,PM,rguarnaccia,Project Manager,-,OK,403,,Accesso negato come atteso,/api/commesse/risorse/valutazione,"{""mensile"": ""false"", ""take"": ""100"", ""profile"": ""Project Manager""}"
Analisi Risorse,Valutazione Annuale,Vista analitica annuale per risorsa,GPM,ccampione,General Project Manager,-,OK,403,,Accesso negato come atteso,/api/commesse/risorse/valutazione,"{""mensile"": ""false"", ""take"": ""100"", ""profile"": ""General Project Manager""}"
Analisi Risorse,Valutazione Annuale,Vista analitica annuale per risorsa,HR,agarilli,Risorse Umane,T,OK,200,100,OK,/api/commesse/risorse/valutazione,"{""mensile"": ""false"", ""take"": ""100"", ""profile"": ""Risorse Umane""}"
Analisi Risorse,Valutazione Annuale,Vista analitica annuale per risorsa,ROU,ascuderi,Responsabile OU,P,OK,200,100,OK,/api/commesse/risorse/valutazione,"{""mensile"": ""false"", ""take"": ""100"", ""profile"": ""Responsabile OU""}"
Analisi Risorse,Pivot Annuale,Pivot annuale risorse con aggregazioni multilivello,Sup,Stefano,Supervisore,T,OK,200,100,OK,/api/commesse/risorse/valutazione,"{""mensile"": ""false"", ""take"": ""100"", ""profile"": ""Supervisore""}"
Analisi Risorse,Pivot Annuale,Pivot annuale risorse con aggregazioni multilivello,RC,lamico,Responsabile Commerciale,T,OK,200,100,OK,/api/commesse/risorse/valutazione,"{""mensile"": ""false"", ""take"": ""100"", ""profile"": ""Responsabile Commerciale""}"
Analisi Risorse,Pivot Annuale,Pivot annuale risorse con aggregazioni multilivello,RCC,aaltana,Responsabile Commerciale Commessa,P,OK,200,100,OK,/api/commesse/risorse/valutazione,"{""mensile"": ""false"", ""take"": ""100"", ""profile"": ""Responsabile Commerciale Commessa""}"
Analisi Risorse,Pivot Annuale,Pivot annuale risorse con aggregazioni multilivello,RP,eragusa,Responsabile Produzione,T,OK,200,100,OK,/api/commesse/risorse/valutazione,"{""mensile"": ""false"", ""take"": ""100"", ""profile"": ""Responsabile Produzione""}"
Analisi Risorse,Pivot Annuale,Pivot annuale risorse con aggregazioni multilivello,PM,rguarnaccia,Project Manager,-,OK,403,,Accesso negato come atteso,/api/commesse/risorse/valutazione,"{""mensile"": ""false"", ""take"": ""100"", ""profile"": ""Project Manager""}"
Analisi Risorse,Pivot Annuale,Pivot annuale risorse con aggregazioni multilivello,GPM,ccampione,General Project Manager,-,OK,403,,Accesso negato come atteso,/api/commesse/risorse/valutazione,"{""mensile"": ""false"", ""take"": ""100"", ""profile"": ""General Project Manager""}"
Analisi Risorse,Pivot Annuale,Pivot annuale risorse con aggregazioni multilivello,HR,agarilli,Risorse Umane,T,OK,200,100,OK,/api/commesse/risorse/valutazione,"{""mensile"": ""false"", ""take"": ""100"", ""profile"": ""Risorse Umane""}"
Analisi Risorse,Pivot Annuale,Pivot annuale risorse con aggregazioni multilivello,ROU,ascuderi,Responsabile OU,P,OK,200,100,OK,/api/commesse/risorse/valutazione,"{""mensile"": ""false"", ""take"": ""100"", ""profile"": ""Responsabile OU""}"
Analisi Risorse,Valutazione Mensile,Vista analitica mensile per risorsa,Sup,Stefano,Supervisore,T,OK,200,100,OK,/api/commesse/risorse/valutazione,"{""mensile"": ""true"", ""anni"": ""2026"", ""take"": ""100"", ""profile"": ""Supervisore""}"
Analisi Risorse,Valutazione Mensile,Vista analitica mensile per risorsa,RC,lamico,Responsabile Commerciale,T,OK,200,100,OK,/api/commesse/risorse/valutazione,"{""mensile"": ""true"", ""anni"": ""2026"", ""take"": ""100"", ""profile"": ""Responsabile Commerciale""}"
Analisi Risorse,Valutazione Mensile,Vista analitica mensile per risorsa,RCC,aaltana,Responsabile Commerciale Commessa,P,OK,200,100,OK,/api/commesse/risorse/valutazione,"{""mensile"": ""true"", ""anni"": ""2026"", ""take"": ""100"", ""profile"": ""Responsabile Commerciale Commessa""}"
Analisi Risorse,Valutazione Mensile,Vista analitica mensile per risorsa,RP,eragusa,Responsabile Produzione,T,OK,200,100,OK,/api/commesse/risorse/valutazione,"{""mensile"": ""true"", ""anni"": ""2026"", ""take"": ""100"", ""profile"": ""Responsabile Produzione""}"
Analisi Risorse,Valutazione Mensile,Vista analitica mensile per risorsa,PM,rguarnaccia,Project Manager,-,OK,403,,Accesso negato come atteso,/api/commesse/risorse/valutazione,"{""mensile"": ""true"", ""anni"": ""2026"", ""take"": ""100"", ""profile"": ""Project Manager""}"
Analisi Risorse,Valutazione Mensile,Vista analitica mensile per risorsa,GPM,ccampione,General Project Manager,-,OK,403,,Accesso negato come atteso,/api/commesse/risorse/valutazione,"{""mensile"": ""true"", ""anni"": ""2026"", ""take"": ""100"", ""profile"": ""General Project Manager""}"
Analisi Risorse,Valutazione Mensile,Vista analitica mensile per risorsa,HR,agarilli,Risorse Umane,T,OK,200,100,OK,/api/commesse/risorse/valutazione,"{""mensile"": ""true"", ""anni"": ""2026"", ""take"": ""100"", ""profile"": ""Risorse Umane""}"
Analisi Risorse,Valutazione Mensile,Vista analitica mensile per risorsa,ROU,ascuderi,Responsabile OU,P,OK,200,100,OK,/api/commesse/risorse/valutazione,"{""mensile"": ""true"", ""anni"": ""2026"", ""take"": ""100"", ""profile"": ""Responsabile OU""}"
Analisi Risorse,Pivot Mensile,Pivot mensile risorse con aggregazioni multilivello,Sup,Stefano,Supervisore,T,OK,200,100,OK,/api/commesse/risorse/valutazione,"{""mensile"": ""true"", ""anni"": ""2026"", ""take"": ""100"", ""profile"": ""Supervisore""}"
Analisi Risorse,Pivot Mensile,Pivot mensile risorse con aggregazioni multilivello,RC,lamico,Responsabile Commerciale,T,OK,200,100,OK,/api/commesse/risorse/valutazione,"{""mensile"": ""true"", ""anni"": ""2026"", ""take"": ""100"", ""profile"": ""Responsabile Commerciale""}"
Analisi Risorse,Pivot Mensile,Pivot mensile risorse con aggregazioni multilivello,RCC,aaltana,Responsabile Commerciale Commessa,P,OK,200,100,OK,/api/commesse/risorse/valutazione,"{""mensile"": ""true"", ""anni"": ""2026"", ""take"": ""100"", ""profile"": ""Responsabile Commerciale Commessa""}"
Analisi Risorse,Pivot Mensile,Pivot mensile risorse con aggregazioni multilivello,RP,eragusa,Responsabile Produzione,T,OK,200,100,OK,/api/commesse/risorse/valutazione,"{""mensile"": ""true"", ""anni"": ""2026"", ""take"": ""100"", ""profile"": ""Responsabile Produzione""}"
Analisi Risorse,Pivot Mensile,Pivot mensile risorse con aggregazioni multilivello,PM,rguarnaccia,Project Manager,-,OK,403,,Accesso negato come atteso,/api/commesse/risorse/valutazione,"{""mensile"": ""true"", ""anni"": ""2026"", ""take"": ""100"", ""profile"": ""Project Manager""}"
Analisi Risorse,Pivot Mensile,Pivot mensile risorse con aggregazioni multilivello,GPM,ccampione,General Project Manager,-,OK,403,,Accesso negato come atteso,/api/commesse/risorse/valutazione,"{""mensile"": ""true"", ""anni"": ""2026"", ""take"": ""100"", ""profile"": ""General Project Manager""}"
Analisi Risorse,Pivot Mensile,Pivot mensile risorse con aggregazioni multilivello,HR,agarilli,Risorse Umane,T,OK,200,100,OK,/api/commesse/risorse/valutazione,"{""mensile"": ""true"", ""anni"": ""2026"", ""take"": ""100"", ""profile"": ""Risorse Umane""}"
Analisi Risorse,Pivot Mensile,Pivot mensile risorse con aggregazioni multilivello,ROU,ascuderi,Responsabile OU,P,OK,200,100,OK,/api/commesse/risorse/valutazione,"{""mensile"": ""true"", ""anni"": ""2026"", ""take"": ""100"", ""profile"": ""Responsabile OU""}"
Analisi Risorse,Analisi OU Risorse,Analisi economica risorse su perimetro OU,Sup,Stefano,Supervisore,T,OK,200,100,OK,/api/commesse/risorse/valutazione,"{""analisiOu"": ""true"", ""take"": ""100"", ""profile"": ""Supervisore""}"
Analisi Risorse,Analisi OU Risorse,Analisi economica risorse su perimetro OU,RC,lamico,Responsabile Commerciale,T,OK,200,100,OK,/api/commesse/risorse/valutazione,"{""analisiOu"": ""true"", ""take"": ""100"", ""profile"": ""Responsabile Commerciale""}"
Analisi Risorse,Analisi OU Risorse,Analisi economica risorse su perimetro OU,RCC,aaltana,Responsabile Commerciale Commessa,P,OK,200,100,OK,/api/commesse/risorse/valutazione,"{""analisiOu"": ""true"", ""take"": ""100"", ""profile"": ""Responsabile Commerciale Commessa""}"
Analisi Risorse,Analisi OU Risorse,Analisi economica risorse su perimetro OU,RP,eragusa,Responsabile Produzione,T,OK,200,100,OK,/api/commesse/risorse/valutazione,"{""analisiOu"": ""true"", ""take"": ""100"", ""profile"": ""Responsabile Produzione""}"
Analisi Risorse,Analisi OU Risorse,Analisi economica risorse su perimetro OU,PM,rguarnaccia,Project Manager,-,OK,403,,Accesso negato come atteso,/api/commesse/risorse/valutazione,"{""analisiOu"": ""true"", ""take"": ""100"", ""profile"": ""Project Manager""}"
Analisi Risorse,Analisi OU Risorse,Analisi economica risorse su perimetro OU,GPM,ccampione,General Project Manager,-,OK,403,,Accesso negato come atteso,/api/commesse/risorse/valutazione,"{""analisiOu"": ""true"", ""take"": ""100"", ""profile"": ""General Project Manager""}"
Analisi Risorse,Analisi OU Risorse,Analisi economica risorse su perimetro OU,HR,agarilli,Risorse Umane,T,OK,200,100,OK,/api/commesse/risorse/valutazione,"{""analisiOu"": ""true"", ""take"": ""100"", ""profile"": ""Risorse Umane""}"
Analisi Risorse,Analisi OU Risorse,Analisi economica risorse su perimetro OU,ROU,ascuderi,Responsabile OU,P,WARN,200,0,Ricerca eseguita ma 0 risultati,/api/commesse/risorse/valutazione,"{""analisiOu"": ""true"", ""take"": ""100"", ""profile"": ""Responsabile OU""}"
Analisi Risorse,Analisi OU Risorse Pivot,Pivot OU risorse con totali per gruppo,Sup,Stefano,Supervisore,T,OK,200,100,OK,/api/commesse/risorse/valutazione,"{""analisiOuPivot"": ""true"", ""take"": ""100"", ""profile"": ""Supervisore""}"
Analisi Risorse,Analisi OU Risorse Pivot,Pivot OU risorse con totali per gruppo,RC,lamico,Responsabile Commerciale,T,OK,200,100,OK,/api/commesse/risorse/valutazione,"{""analisiOuPivot"": ""true"", ""take"": ""100"", ""profile"": ""Responsabile Commerciale""}"
Analisi Risorse,Analisi OU Risorse Pivot,Pivot OU risorse con totali per gruppo,RCC,aaltana,Responsabile Commerciale Commessa,P,OK,200,70,OK,/api/commesse/risorse/valutazione,"{""analisiOuPivot"": ""true"", ""take"": ""100"", ""profile"": ""Responsabile Commerciale Commessa""}"
Analisi Risorse,Analisi OU Risorse Pivot,Pivot OU risorse con totali per gruppo,RP,eragusa,Responsabile Produzione,T,OK,200,100,OK,/api/commesse/risorse/valutazione,"{""analisiOuPivot"": ""true"", ""take"": ""100"", ""profile"": ""Responsabile Produzione""}"
Analisi Risorse,Analisi OU Risorse Pivot,Pivot OU risorse con totali per gruppo,PM,rguarnaccia,Project Manager,-,OK,403,,Accesso negato come atteso,/api/commesse/risorse/valutazione,"{""analisiOuPivot"": ""true"", ""take"": ""100"", ""profile"": ""Project Manager""}"
Analisi Risorse,Analisi OU Risorse Pivot,Pivot OU risorse con totali per gruppo,GPM,ccampione,General Project Manager,-,OK,403,,Accesso negato come atteso,/api/commesse/risorse/valutazione,"{""analisiOuPivot"": ""true"", ""take"": ""100"", ""profile"": ""General Project Manager""}"
Analisi Risorse,Analisi OU Risorse Pivot,Pivot OU risorse con totali per gruppo,HR,agarilli,Risorse Umane,T,OK,200,100,OK,/api/commesse/risorse/valutazione,"{""analisiOuPivot"": ""true"", ""take"": ""100"", ""profile"": ""Risorse Umane""}"
Analisi Risorse,Analisi OU Risorse Pivot,Pivot OU risorse con totali per gruppo,ROU,ascuderi,Responsabile OU,P,WARN,200,0,Ricerca eseguita ma 0 risultati,/api/commesse/risorse/valutazione,"{""analisiOuPivot"": ""true"", ""take"": ""100"", ""profile"": ""Responsabile OU""}"
Analisi Risorse,Analisi Mensile OU Risorse,Analisi OU risorse su base mensile,Sup,Stefano,Supervisore,T,OK,200,100,OK,/api/commesse/risorse/valutazione,"{""mensile"": ""true"", ""analisiOu"": ""true"", ""anni"": ""2026"", ""take"": ""100"", ""profile"": ""Supervisore""}"
Analisi Risorse,Analisi Mensile OU Risorse,Analisi OU risorse su base mensile,RC,lamico,Responsabile Commerciale,T,OK,200,100,OK,/api/commesse/risorse/valutazione,"{""mensile"": ""true"", ""analisiOu"": ""true"", ""anni"": ""2026"", ""take"": ""100"", ""profile"": ""Responsabile Commerciale""}"
Analisi Risorse,Analisi Mensile OU Risorse,Analisi OU risorse su base mensile,RCC,aaltana,Responsabile Commerciale Commessa,P,OK,200,100,OK,/api/commesse/risorse/valutazione,"{""mensile"": ""true"", ""analisiOu"": ""true"", ""anni"": ""2026"", ""take"": ""100"", ""profile"": ""Responsabile Commerciale Commessa""}"
Analisi Risorse,Analisi Mensile OU Risorse,Analisi OU risorse su base mensile,RP,eragusa,Responsabile Produzione,T,OK,200,100,OK,/api/commesse/risorse/valutazione,"{""mensile"": ""true"", ""analisiOu"": ""true"", ""anni"": ""2026"", ""take"": ""100"", ""profile"": ""Responsabile Produzione""}"
Analisi Risorse,Analisi Mensile OU Risorse,Analisi OU risorse su base mensile,PM,rguarnaccia,Project Manager,-,OK,403,,Accesso negato come atteso,/api/commesse/risorse/valutazione,"{""mensile"": ""true"", ""analisiOu"": ""true"", ""anni"": ""2026"", ""take"": ""100"", ""profile"": ""Project Manager""}"
Analisi Risorse,Analisi Mensile OU Risorse,Analisi OU risorse su base mensile,GPM,ccampione,General Project Manager,-,OK,403,,Accesso negato come atteso,/api/commesse/risorse/valutazione,"{""mensile"": ""true"", ""analisiOu"": ""true"", ""anni"": ""2026"", ""take"": ""100"", ""profile"": ""General Project Manager""}"
Analisi Risorse,Analisi Mensile OU Risorse,Analisi OU risorse su base mensile,HR,agarilli,Risorse Umane,T,OK,200,100,OK,/api/commesse/risorse/valutazione,"{""mensile"": ""true"", ""analisiOu"": ""true"", ""anni"": ""2026"", ""take"": ""100"", ""profile"": ""Risorse Umane""}"
Analisi Risorse,Analisi Mensile OU Risorse,Analisi OU risorse su base mensile,ROU,ascuderi,Responsabile OU,P,WARN,200,0,Ricerca eseguita ma 0 risultati,/api/commesse/risorse/valutazione,"{""mensile"": ""true"", ""analisiOu"": ""true"", ""anni"": ""2026"", ""take"": ""100"", ""profile"": ""Responsabile OU""}"
Analisi Risorse,Analisi Mensile OU Risorse Pivot,Pivot mensile OU risorse,Sup,Stefano,Supervisore,T,OK,200,27,OK,/api/commesse/risorse/valutazione,"{""mensile"": ""true"", ""analisiOuPivot"": ""true"", ""anni"": ""2026"", ""take"": ""100"", ""profile"": ""Supervisore""}"
Analisi Risorse,Analisi Mensile OU Risorse Pivot,Pivot mensile OU risorse,RC,lamico,Responsabile Commerciale,T,OK,200,27,OK,/api/commesse/risorse/valutazione,"{""mensile"": ""true"", ""analisiOuPivot"": ""true"", ""anni"": ""2026"", ""take"": ""100"", ""profile"": ""Responsabile Commerciale""}"
Analisi Risorse,Analisi Mensile OU Risorse Pivot,Pivot mensile OU risorse,RCC,aaltana,Responsabile Commerciale Commessa,P,OK,200,7,OK,/api/commesse/risorse/valutazione,"{""mensile"": ""true"", ""analisiOuPivot"": ""true"", ""anni"": ""2026"", ""take"": ""100"", ""profile"": ""Responsabile Commerciale Commessa""}"
Analisi Risorse,Analisi Mensile OU Risorse Pivot,Pivot mensile OU risorse,RP,eragusa,Responsabile Produzione,T,OK,200,27,OK,/api/commesse/risorse/valutazione,"{""mensile"": ""true"", ""analisiOuPivot"": ""true"", ""anni"": ""2026"", ""take"": ""100"", ""profile"": ""Responsabile Produzione""}"
Analisi Risorse,Analisi Mensile OU Risorse Pivot,Pivot mensile OU risorse,PM,rguarnaccia,Project Manager,-,OK,403,,Accesso negato come atteso,/api/commesse/risorse/valutazione,"{""mensile"": ""true"", ""analisiOuPivot"": ""true"", ""anni"": ""2026"", ""take"": ""100"", ""profile"": ""Project Manager""}"
Analisi Risorse,Analisi Mensile OU Risorse Pivot,Pivot mensile OU risorse,GPM,ccampione,General Project Manager,-,OK,403,,Accesso negato come atteso,/api/commesse/risorse/valutazione,"{""mensile"": ""true"", ""analisiOuPivot"": ""true"", ""anni"": ""2026"", ""take"": ""100"", ""profile"": ""General Project Manager""}"
Analisi Risorse,Analisi Mensile OU Risorse Pivot,Pivot mensile OU risorse,HR,agarilli,Risorse Umane,T,OK,200,27,OK,/api/commesse/risorse/valutazione,"{""mensile"": ""true"", ""analisiOuPivot"": ""true"", ""anni"": ""2026"", ""take"": ""100"", ""profile"": ""Risorse Umane""}"
Analisi Risorse,Analisi Mensile OU Risorse Pivot,Pivot mensile OU risorse,ROU,ascuderi,Responsabile OU,P,WARN,200,0,Ricerca eseguita ma 0 risultati,/api/commesse/risorse/valutazione,"{""mensile"": ""true"", ""analisiOuPivot"": ""true"", ""anni"": ""2026"", ""take"": ""100"", ""profile"": ""Responsabile OU""}"
Analisi Proiezioni,Proiezione Mensile RCC,Proiezione mensile per RCC su budget/risultato,Sup,Stefano,Supervisore,T,OK,200,,OK,/api/analisi-rcc/risultato-mensile,"{""anno"": ""2026"", ""profile"": ""Supervisore""}"
Analisi Proiezioni,Proiezione Mensile RCC,Proiezione mensile per RCC su budget/risultato,RC,lamico,Responsabile Commerciale,T,OK,200,,OK,/api/analisi-rcc/risultato-mensile,"{""anno"": ""2026"", ""profile"": ""Responsabile Commerciale""}"
Analisi Proiezioni,Proiezione Mensile RCC,Proiezione mensile per RCC su budget/risultato,RCC,aaltana,Responsabile Commerciale Commessa,P,OK,200,,OK,/api/analisi-rcc/risultato-mensile,"{""anno"": ""2026"", ""profile"": ""Responsabile Commerciale Commessa""}"
Analisi Proiezioni,Proiezione Mensile RCC,Proiezione mensile per RCC su budget/risultato,RP,eragusa,Responsabile Produzione,T,OK,200,,OK,/api/analisi-rcc/risultato-mensile,"{""anno"": ""2026"", ""profile"": ""Responsabile Produzione""}"
Analisi Proiezioni,Proiezione Mensile RCC,Proiezione mensile per RCC su budget/risultato,PM,rguarnaccia,Project Manager,-,OK,403,,Accesso negato come atteso,/api/analisi-rcc/risultato-mensile,"{""anno"": ""2026"", ""profile"": ""Project Manager""}"
Analisi Proiezioni,Proiezione Mensile RCC,Proiezione mensile per RCC su budget/risultato,GPM,ccampione,General Project Manager,-,OK,403,,Accesso negato come atteso,/api/analisi-rcc/risultato-mensile,"{""anno"": ""2026"", ""profile"": ""General Project Manager""}"
Analisi Proiezioni,Proiezione Mensile RCC,Proiezione mensile per RCC su budget/risultato,HR,agarilli,Risorse Umane,-,OK,403,,Accesso negato come atteso,/api/analisi-rcc/risultato-mensile,"{""anno"": ""2026"", ""profile"": ""Risorse Umane""}"
Analisi Proiezioni,Proiezione Mensile RCC,Proiezione mensile per RCC su budget/risultato,ROU,ascuderi,Responsabile OU,-,OK,403,,Accesso negato come atteso,/api/analisi-rcc/risultato-mensile,"{""anno"": ""2026"", ""profile"": ""Responsabile OU""}"
Analisi Proiezioni,Report Annuale RCC,Report annuale per RCC con KPI fatturato e budget,Sup,Stefano,Supervisore,T,OK,200,9,OK,/api/analisi-rcc/pivot-fatturato,"{""anni"": ""2026"", ""profile"": ""Supervisore""}"
Analisi Proiezioni,Report Annuale RCC,Report annuale per RCC con KPI fatturato e budget,RC,lamico,Responsabile Commerciale,T,OK,200,9,OK,/api/analisi-rcc/pivot-fatturato,"{""anni"": ""2026"", ""profile"": ""Responsabile Commerciale""}"
Analisi Proiezioni,Report Annuale RCC,Report annuale per RCC con KPI fatturato e budget,RCC,aaltana,Responsabile Commerciale Commessa,P,OK,200,1,OK,/api/analisi-rcc/pivot-fatturato,"{""anni"": ""2026"", ""profile"": ""Responsabile Commerciale Commessa""}"
Analisi Proiezioni,Report Annuale RCC,Report annuale per RCC con KPI fatturato e budget,RP,eragusa,Responsabile Produzione,T,OK,200,9,OK,/api/analisi-rcc/pivot-fatturato,"{""anni"": ""2026"", ""profile"": ""Responsabile Produzione""}"
Analisi Proiezioni,Report Annuale RCC,Report annuale per RCC con KPI fatturato e budget,PM,rguarnaccia,Project Manager,-,OK,403,,Accesso negato come atteso,/api/analisi-rcc/pivot-fatturato,"{""anni"": ""2026"", ""profile"": ""Project Manager""}"
Analisi Proiezioni,Report Annuale RCC,Report annuale per RCC con KPI fatturato e budget,GPM,ccampione,General Project Manager,-,OK,403,,Accesso negato come atteso,/api/analisi-rcc/pivot-fatturato,"{""anni"": ""2026"", ""profile"": ""General Project Manager""}"
Analisi Proiezioni,Report Annuale RCC,Report annuale per RCC con KPI fatturato e budget,HR,agarilli,Risorse Umane,-,OK,403,,Accesso negato come atteso,/api/analisi-rcc/pivot-fatturato,"{""anni"": ""2026"", ""profile"": ""Risorse Umane""}"
Analisi Proiezioni,Report Annuale RCC,Report annuale per RCC con KPI fatturato e budget,ROU,ascuderi,Responsabile OU,-,OK,403,,Accesso negato come atteso,/api/analisi-rcc/pivot-fatturato,"{""anni"": ""2026"", ""profile"": ""Responsabile OU""}"
Analisi Proiezioni,Proiezione Mensile BU,Proiezione mensile per Business Unit,Sup,Stefano,Supervisore,T,OK,200,,OK,/api/analisi-rcc/risultato-mensile-bu,"{""anno"": ""2026"", ""profile"": ""Supervisore""}"
Analisi Proiezioni,Proiezione Mensile BU,Proiezione mensile per Business Unit,RC,lamico,Responsabile Commerciale,T,OK,200,,OK,/api/analisi-rcc/risultato-mensile-bu,"{""anno"": ""2026"", ""profile"": ""Responsabile Commerciale""}"
Analisi Proiezioni,Proiezione Mensile BU,Proiezione mensile per Business Unit,RCC,aaltana,Responsabile Commerciale Commessa,-,OK,403,,Accesso negato come atteso,/api/analisi-rcc/risultato-mensile-bu,"{""anno"": ""2026"", ""profile"": ""Responsabile Commerciale Commessa""}"
Analisi Proiezioni,Proiezione Mensile BU,Proiezione mensile per Business Unit,RP,eragusa,Responsabile Produzione,T,OK,200,,OK,/api/analisi-rcc/risultato-mensile-bu,"{""anno"": ""2026"", ""profile"": ""Responsabile Produzione""}"
Analisi Proiezioni,Proiezione Mensile BU,Proiezione mensile per Business Unit,PM,rguarnaccia,Project Manager,-,OK,403,,Accesso negato come atteso,/api/analisi-rcc/risultato-mensile-bu,"{""anno"": ""2026"", ""profile"": ""Project Manager""}"
Analisi Proiezioni,Proiezione Mensile BU,Proiezione mensile per Business Unit,GPM,ccampione,General Project Manager,-,OK,403,,Accesso negato come atteso,/api/analisi-rcc/risultato-mensile-bu,"{""anno"": ""2026"", ""profile"": ""General Project Manager""}"
Analisi Proiezioni,Proiezione Mensile BU,Proiezione mensile per Business Unit,HR,agarilli,Risorse Umane,-,OK,403,,Accesso negato come atteso,/api/analisi-rcc/risultato-mensile-bu,"{""anno"": ""2026"", ""profile"": ""Risorse Umane""}"
Analisi Proiezioni,Proiezione Mensile BU,Proiezione mensile per Business Unit,ROU,ascuderi,Responsabile OU,P,OK,200,,OK,/api/analisi-rcc/risultato-mensile-bu,"{""anno"": ""2026"", ""profile"": ""Responsabile OU""}"
Analisi Proiezioni,Report Annuale BU,Report annuale per Business Unit,Sup,Stefano,Supervisore,T,OK,200,12,OK,/api/analisi-rcc/pivot-fatturato-bu,"{""anni"": ""2026"", ""profile"": ""Supervisore""}"
Analisi Proiezioni,Report Annuale BU,Report annuale per Business Unit,RC,lamico,Responsabile Commerciale,T,OK,200,12,OK,/api/analisi-rcc/pivot-fatturato-bu,"{""anni"": ""2026"", ""profile"": ""Responsabile Commerciale""}"
Analisi Proiezioni,Report Annuale BU,Report annuale per Business Unit,RCC,aaltana,Responsabile Commerciale Commessa,-,OK,403,,Accesso negato come atteso,/api/analisi-rcc/pivot-fatturato-bu,"{""anni"": ""2026"", ""profile"": ""Responsabile Commerciale Commessa""}"
Analisi Proiezioni,Report Annuale BU,Report annuale per Business Unit,RP,eragusa,Responsabile Produzione,T,OK,200,12,OK,/api/analisi-rcc/pivot-fatturato-bu,"{""anni"": ""2026"", ""profile"": ""Responsabile Produzione""}"
Analisi Proiezioni,Report Annuale BU,Report annuale per Business Unit,PM,rguarnaccia,Project Manager,-,OK,403,,Accesso negato come atteso,/api/analisi-rcc/pivot-fatturato-bu,"{""anni"": ""2026"", ""profile"": ""Project Manager""}"
Analisi Proiezioni,Report Annuale BU,Report annuale per Business Unit,GPM,ccampione,General Project Manager,-,OK,403,,Accesso negato come atteso,/api/analisi-rcc/pivot-fatturato-bu,"{""anni"": ""2026"", ""profile"": ""General Project Manager""}"
Analisi Proiezioni,Report Annuale BU,Report annuale per Business Unit,HR,agarilli,Risorse Umane,-,OK,403,,Accesso negato come atteso,/api/analisi-rcc/pivot-fatturato-bu,"{""anni"": ""2026"", ""profile"": ""Risorse Umane""}"
Analisi Proiezioni,Report Annuale BU,Report annuale per Business Unit,ROU,ascuderi,Responsabile OU,P,OK,200,1,OK,/api/analisi-rcc/pivot-fatturato-bu,"{""anni"": ""2026"", ""profile"": ""Responsabile OU""}"
Analisi Proiezioni,Proiezione Mensile RCC-BU,Proiezione mensile integrata RCC-BU,Sup,Stefano,Supervisore,T,OK,200,12,OK,/api/analisi-rcc/risultato-mensile-burcc,"{""anno"": ""2026"", ""profile"": ""Supervisore""}"
Analisi Proiezioni,Proiezione Mensile RCC-BU,Proiezione mensile integrata RCC-BU,RC,lamico,Responsabile Commerciale,T,OK,200,12,OK,/api/analisi-rcc/risultato-mensile-burcc,"{""anno"": ""2026"", ""profile"": ""Responsabile Commerciale""}"
Analisi Proiezioni,Proiezione Mensile RCC-BU,Proiezione mensile integrata RCC-BU,RCC,aaltana,Responsabile Commerciale Commessa,P,OK,200,5,OK,/api/analisi-rcc/risultato-mensile-burcc,"{""anno"": ""2026"", ""profile"": ""Responsabile Commerciale Commessa""}"
Analisi Proiezioni,Proiezione Mensile RCC-BU,Proiezione mensile integrata RCC-BU,RP,eragusa,Responsabile Produzione,T,OK,200,12,OK,/api/analisi-rcc/risultato-mensile-burcc,"{""anno"": ""2026"", ""profile"": ""Responsabile Produzione""}"
Analisi Proiezioni,Proiezione Mensile RCC-BU,Proiezione mensile integrata RCC-BU,PM,rguarnaccia,Project Manager,-,OK,403,,Accesso negato come atteso,/api/analisi-rcc/risultato-mensile-burcc,"{""anno"": ""2026"", ""profile"": ""Project Manager""}"
Analisi Proiezioni,Proiezione Mensile RCC-BU,Proiezione mensile integrata RCC-BU,GPM,ccampione,General Project Manager,-,OK,403,,Accesso negato come atteso,/api/analisi-rcc/risultato-mensile-burcc,"{""anno"": ""2026"", ""profile"": ""General Project Manager""}"
Analisi Proiezioni,Proiezione Mensile RCC-BU,Proiezione mensile integrata RCC-BU,HR,agarilli,Risorse Umane,-,OK,403,,Accesso negato come atteso,/api/analisi-rcc/risultato-mensile-burcc,"{""anno"": ""2026"", ""profile"": ""Risorse Umane""}"
Analisi Proiezioni,Proiezione Mensile RCC-BU,Proiezione mensile integrata RCC-BU,ROU,ascuderi,Responsabile OU,P,OK,200,1,OK,/api/analisi-rcc/risultato-mensile-burcc,"{""anno"": ""2026"", ""profile"": ""Responsabile OU""}"
Analisi Proiezioni,Report Annuale RCC-BU,Report annuale integrato RCC-BU,Sup,Stefano,Supervisore,T,OK,200,41,OK,/api/analisi-rcc/pivot-fatturato-burcc,"{""anni"": ""2026"", ""profile"": ""Supervisore""}"
Analisi Proiezioni,Report Annuale RCC-BU,Report annuale integrato RCC-BU,RC,lamico,Responsabile Commerciale,T,OK,200,41,OK,/api/analisi-rcc/pivot-fatturato-burcc,"{""anni"": ""2026"", ""profile"": ""Responsabile Commerciale""}"
Analisi Proiezioni,Report Annuale RCC-BU,Report annuale integrato RCC-BU,RCC,aaltana,Responsabile Commerciale Commessa,P,OK,200,5,OK,/api/analisi-rcc/pivot-fatturato-burcc,"{""anni"": ""2026"", ""profile"": ""Responsabile Commerciale Commessa""}"
Analisi Proiezioni,Report Annuale RCC-BU,Report annuale integrato RCC-BU,RP,eragusa,Responsabile Produzione,T,OK,200,41,OK,/api/analisi-rcc/pivot-fatturato-burcc,"{""anni"": ""2026"", ""profile"": ""Responsabile Produzione""}"
Analisi Proiezioni,Report Annuale RCC-BU,Report annuale integrato RCC-BU,PM,rguarnaccia,Project Manager,-,OK,403,,Accesso negato come atteso,/api/analisi-rcc/pivot-fatturato-burcc,"{""anni"": ""2026"", ""profile"": ""Project Manager""}"
Analisi Proiezioni,Report Annuale RCC-BU,Report annuale integrato RCC-BU,GPM,ccampione,General Project Manager,-,OK,403,,Accesso negato come atteso,/api/analisi-rcc/pivot-fatturato-burcc,"{""anni"": ""2026"", ""profile"": ""General Project Manager""}"
Analisi Proiezioni,Report Annuale RCC-BU,Report annuale integrato RCC-BU,HR,agarilli,Risorse Umane,-,OK,403,,Accesso negato come atteso,/api/analisi-rcc/pivot-fatturato-burcc,"{""anni"": ""2026"", ""profile"": ""Risorse Umane""}"
Analisi Proiezioni,Report Annuale RCC-BU,Report annuale integrato RCC-BU,ROU,ascuderi,Responsabile OU,P,OK,200,2,OK,/api/analisi-rcc/pivot-fatturato-burcc,"{""anni"": ""2026"", ""profile"": ""Responsabile OU""}"
Analisi Proiezioni,Piano Fatturazione,Piano mensile/trimestrale e progressivo budget,Sup,Stefano,Supervisore,T,OK,200,10,OK,/api/analisi-rcc/piano-fatturazione,"{""anno"": ""2026"", ""mesiSnapshot"": ""4"", ""profile"": ""Supervisore""}"
Analisi Proiezioni,Piano Fatturazione,Piano mensile/trimestrale e progressivo budget,RC,lamico,Responsabile Commerciale,T,OK,200,10,OK,/api/analisi-rcc/piano-fatturazione,"{""anno"": ""2026"", ""mesiSnapshot"": ""4"", ""profile"": ""Responsabile Commerciale""}"
Analisi Proiezioni,Piano Fatturazione,Piano mensile/trimestrale e progressivo budget,RCC,aaltana,Responsabile Commerciale Commessa,P,OK,200,2,OK,/api/analisi-rcc/piano-fatturazione,"{""anno"": ""2026"", ""mesiSnapshot"": ""4"", ""profile"": ""Responsabile Commerciale Commessa""}"
Analisi Proiezioni,Piano Fatturazione,Piano mensile/trimestrale e progressivo budget,RP,eragusa,Responsabile Produzione,T,OK,200,10,OK,/api/analisi-rcc/piano-fatturazione,"{""anno"": ""2026"", ""mesiSnapshot"": ""4"", ""profile"": ""Responsabile Produzione""}"
Analisi Proiezioni,Piano Fatturazione,Piano mensile/trimestrale e progressivo budget,PM,rguarnaccia,Project Manager,-,OK,403,,Accesso negato come atteso,/api/analisi-rcc/piano-fatturazione,"{""anno"": ""2026"", ""mesiSnapshot"": ""4"", ""profile"": ""Project Manager""}"
Analisi Proiezioni,Piano Fatturazione,Piano mensile/trimestrale e progressivo budget,GPM,ccampione,General Project Manager,-,OK,403,,Accesso negato come atteso,/api/analisi-rcc/piano-fatturazione,"{""anno"": ""2026"", ""mesiSnapshot"": ""4"", ""profile"": ""General Project Manager""}"
Analisi Proiezioni,Piano Fatturazione,Piano mensile/trimestrale e progressivo budget,HR,agarilli,Risorse Umane,-,OK,403,,Accesso negato come atteso,/api/analisi-rcc/piano-fatturazione,"{""anno"": ""2026"", ""mesiSnapshot"": ""4"", ""profile"": ""Risorse Umane""}"
Analisi Proiezioni,Piano Fatturazione,Piano mensile/trimestrale e progressivo budget,ROU,ascuderi,Responsabile OU,-,OK,403,,Accesso negato come atteso,/api/analisi-rcc/piano-fatturazione,"{""anno"": ""2026"", ""mesiSnapshot"": ""4"", ""profile"": ""Responsabile OU""}"
Analisi Proiezioni,Dettaglio Fatturato,Dettaglio analitico movimenti fatturato/futuro/ipotetico,Sup,Stefano,Supervisore,T,OK,200,1030,OK,/api/analisi-rcc/dettaglio-fatturato,"{""anni"": ""2026"", ""take"": ""200"", ""profile"": ""Supervisore""}"
Analisi Proiezioni,Dettaglio Fatturato,Dettaglio analitico movimenti fatturato/futuro/ipotetico,RC,lamico,Responsabile Commerciale,T,OK,200,1030,OK,/api/analisi-rcc/dettaglio-fatturato,"{""anni"": ""2026"", ""take"": ""200"", ""profile"": ""Responsabile Commerciale""}"
Analisi Proiezioni,Dettaglio Fatturato,Dettaglio analitico movimenti fatturato/futuro/ipotetico,RCC,aaltana,Responsabile Commerciale Commessa,P,OK,200,126,OK,/api/analisi-rcc/dettaglio-fatturato,"{""anni"": ""2026"", ""take"": ""200"", ""profile"": ""Responsabile Commerciale Commessa""}"
Analisi Proiezioni,Dettaglio Fatturato,Dettaglio analitico movimenti fatturato/futuro/ipotetico,RP,eragusa,Responsabile Produzione,T,OK,200,1030,OK,/api/analisi-rcc/dettaglio-fatturato,"{""anni"": ""2026"", ""take"": ""200"", ""profile"": ""Responsabile Produzione""}"
Analisi Proiezioni,Dettaglio Fatturato,Dettaglio analitico movimenti fatturato/futuro/ipotetico,PM,rguarnaccia,Project Manager,P,WARN,200,0,Ricerca eseguita ma 0 risultati,/api/analisi-rcc/dettaglio-fatturato,"{""anni"": ""2026"", ""take"": ""200"", ""profile"": ""Project Manager""}"
Analisi Proiezioni,Dettaglio Fatturato,Dettaglio analitico movimenti fatturato/futuro/ipotetico,GPM,ccampione,General Project Manager,-,OK,403,,Accesso negato come atteso,/api/analisi-rcc/dettaglio-fatturato,"{""anni"": ""2026"", ""take"": ""200"", ""profile"": ""General Project Manager""}"
Analisi Proiezioni,Dettaglio Fatturato,Dettaglio analitico movimenti fatturato/futuro/ipotetico,HR,agarilli,Risorse Umane,-,OK,403,,Accesso negato come atteso,/api/analisi-rcc/dettaglio-fatturato,"{""anni"": ""2026"", ""take"": ""200"", ""profile"": ""Risorse Umane""}"
Analisi Proiezioni,Dettaglio Fatturato,Dettaglio analitico movimenti fatturato/futuro/ipotetico,ROU,ascuderi,Responsabile OU,P,OK,200,60,OK,/api/analisi-rcc/dettaglio-fatturato,"{""anni"": ""2026"", ""take"": ""200"", ""profile"": ""Responsabile OU""}"
Previsioni,Funnel,Elenco opportunita e ordini con filtri di stato/tipo,Sup,Stefano,Supervisore,T,OK,200,413,OK,/api/analisi-rcc/funnel,"{""anni"": ""2026"", ""take"": ""200"", ""profile"": ""Supervisore""}"
Previsioni,Funnel,Elenco opportunita e ordini con filtri di stato/tipo,RC,lamico,Responsabile Commerciale,T,OK,200,413,OK,/api/analisi-rcc/funnel,"{""anni"": ""2026"", ""take"": ""200"", ""profile"": ""Responsabile Commerciale""}"
Previsioni,Funnel,Elenco opportunita e ordini con filtri di stato/tipo,RCC,aaltana,Responsabile Commerciale Commessa,P,OK,200,39,OK,/api/analisi-rcc/funnel,"{""anni"": ""2026"", ""take"": ""200"", ""profile"": ""Responsabile Commerciale Commessa""}"
Previsioni,Funnel,Elenco opportunita e ordini con filtri di stato/tipo,RP,eragusa,Responsabile Produzione,T,OK,200,413,OK,/api/analisi-rcc/funnel,"{""anni"": ""2026"", ""take"": ""200"", ""profile"": ""Responsabile Produzione""}"
Previsioni,Funnel,Elenco opportunita e ordini con filtri di stato/tipo,PM,rguarnaccia,Project Manager,-,OK,403,,Accesso negato come atteso,/api/analisi-rcc/funnel,"{""anni"": ""2026"", ""take"": ""200"", ""profile"": ""Project Manager""}"
Previsioni,Funnel,Elenco opportunita e ordini con filtri di stato/tipo,GPM,ccampione,General Project Manager,-,OK,403,,Accesso negato come atteso,/api/analisi-rcc/funnel,"{""anni"": ""2026"", ""take"": ""200"", ""profile"": ""General Project Manager""}"
Previsioni,Funnel,Elenco opportunita e ordini con filtri di stato/tipo,HR,agarilli,Risorse Umane,-,OK,403,,Accesso negato come atteso,/api/analisi-rcc/funnel,"{""anni"": ""2026"", ""take"": ""200"", ""profile"": ""Risorse Umane""}"
Previsioni,Funnel,Elenco opportunita e ordini con filtri di stato/tipo,ROU,ascuderi,Responsabile OU,-,OK,403,,Accesso negato come atteso,/api/analisi-rcc/funnel,"{""anni"": ""2026"", ""take"": ""200"", ""profile"": ""Responsabile OU""}"
Previsioni,Report Funnel RCC,Pivot funnel aggregata per RCC,Sup,Stefano,Supervisore,T,OK,200,47,OK,/api/analisi-rcc/pivot-funnel,"{""anni"": ""2026"", ""profile"": ""Supervisore""}"
Previsioni,Report Funnel RCC,Pivot funnel aggregata per RCC,RC,lamico,Responsabile Commerciale,T,OK,200,47,OK,/api/analisi-rcc/pivot-funnel,"{""anni"": ""2026"", ""profile"": ""Responsabile Commerciale""}"
Previsioni,Report Funnel RCC,Pivot funnel aggregata per RCC,RCC,aaltana,Responsabile Commerciale Commessa,P,OK,200,4,OK,/api/analisi-rcc/pivot-funnel,"{""anni"": ""2026"", ""profile"": ""Responsabile Commerciale Commessa""}"
Previsioni,Report Funnel RCC,Pivot funnel aggregata per RCC,RP,eragusa,Responsabile Produzione,T,OK,200,47,OK,/api/analisi-rcc/pivot-funnel,"{""anni"": ""2026"", ""profile"": ""Responsabile Produzione""}"
Previsioni,Report Funnel RCC,Pivot funnel aggregata per RCC,PM,rguarnaccia,Project Manager,-,OK,403,,Accesso negato come atteso,/api/analisi-rcc/pivot-funnel,"{""anni"": ""2026"", ""profile"": ""Project Manager""}"
Previsioni,Report Funnel RCC,Pivot funnel aggregata per RCC,GPM,ccampione,General Project Manager,-,OK,403,,Accesso negato come atteso,/api/analisi-rcc/pivot-funnel,"{""anni"": ""2026"", ""profile"": ""General Project Manager""}"
Previsioni,Report Funnel RCC,Pivot funnel aggregata per RCC,HR,agarilli,Risorse Umane,-,OK,403,,Accesso negato come atteso,/api/analisi-rcc/pivot-funnel,"{""anni"": ""2026"", ""profile"": ""Risorse Umane""}"
Previsioni,Report Funnel RCC,Pivot funnel aggregata per RCC,ROU,ascuderi,Responsabile OU,-,OK,403,,Accesso negato come atteso,/api/analisi-rcc/pivot-funnel,"{""anni"": ""2026"", ""profile"": ""Responsabile OU""}"
Previsioni,Report Funnel BU,Pivot funnel aggregata per BU,Sup,Stefano,Supervisore,T,OK,200,59,OK,/api/analisi-rcc/pivot-funnel-bu,"{""anni"": ""2026"", ""profile"": ""Supervisore""}"
Previsioni,Report Funnel BU,Pivot funnel aggregata per BU,RC,lamico,Responsabile Commerciale,T,OK,200,59,OK,/api/analisi-rcc/pivot-funnel-bu,"{""anni"": ""2026"", ""profile"": ""Responsabile Commerciale""}"
Previsioni,Report Funnel BU,Pivot funnel aggregata per BU,RCC,aaltana,Responsabile Commerciale Commessa,-,OK,403,,Accesso negato come atteso,/api/analisi-rcc/pivot-funnel-bu,"{""anni"": ""2026"", ""profile"": ""Responsabile Commerciale Commessa""}"
Previsioni,Report Funnel BU,Pivot funnel aggregata per BU,RP,eragusa,Responsabile Produzione,T,OK,200,59,OK,/api/analisi-rcc/pivot-funnel-bu,"{""anni"": ""2026"", ""profile"": ""Responsabile Produzione""}"
Previsioni,Report Funnel BU,Pivot funnel aggregata per BU,PM,rguarnaccia,Project Manager,-,OK,403,,Accesso negato come atteso,/api/analisi-rcc/pivot-funnel-bu,"{""anni"": ""2026"", ""profile"": ""Project Manager""}"
Previsioni,Report Funnel BU,Pivot funnel aggregata per BU,GPM,ccampione,General Project Manager,-,OK,403,,Accesso negato come atteso,/api/analisi-rcc/pivot-funnel-bu,"{""anni"": ""2026"", ""profile"": ""General Project Manager""}"
Previsioni,Report Funnel BU,Pivot funnel aggregata per BU,HR,agarilli,Risorse Umane,-,OK,403,,Accesso negato come atteso,/api/analisi-rcc/pivot-funnel-bu,"{""anni"": ""2026"", ""profile"": ""Risorse Umane""}"
Previsioni,Report Funnel BU,Pivot funnel aggregata per BU,ROU,ascuderi,Responsabile OU,P,OK,200,3,OK,/api/analisi-rcc/pivot-funnel-bu,"{""anni"": ""2026"", ""profile"": ""Responsabile OU""}"
Processo Offerta,Offerte,Dettaglio offerte con stato documento ed esito,Sup,Stefano,Supervisore,T,OK,200,241,OK,/api/processo-offerta/offerte,"{""anni"": ""2026"", ""take"": ""200"", ""profile"": ""Supervisore""}"
Processo Offerta,Offerte,Dettaglio offerte con stato documento ed esito,RC,lamico,Responsabile Commerciale,T,OK,200,241,OK,/api/processo-offerta/offerte,"{""anni"": ""2026"", ""take"": ""200"", ""profile"": ""Responsabile Commerciale""}"
Processo Offerta,Offerte,Dettaglio offerte con stato documento ed esito,RCC,aaltana,Responsabile Commerciale Commessa,P,OK,200,32,OK,/api/processo-offerta/offerte,"{""anni"": ""2026"", ""take"": ""200"", ""profile"": ""Responsabile Commerciale Commessa""}"
Processo Offerta,Offerte,Dettaglio offerte con stato documento ed esito,RP,eragusa,Responsabile Produzione,T,OK,200,241,OK,/api/processo-offerta/offerte,"{""anni"": ""2026"", ""take"": ""200"", ""profile"": ""Responsabile Produzione""}"
Processo Offerta,Offerte,Dettaglio offerte con stato documento ed esito,PM,rguarnaccia,Project Manager,-,OK,403,,Accesso negato come atteso,/api/processo-offerta/offerte,"{""anni"": ""2026"", ""take"": ""200"", ""profile"": ""Project Manager""}"
Processo Offerta,Offerte,Dettaglio offerte con stato documento ed esito,GPM,ccampione,General Project Manager,-,OK,403,,Accesso negato come atteso,/api/processo-offerta/offerte,"{""anni"": ""2026"", ""take"": ""200"", ""profile"": ""General Project Manager""}"
Processo Offerta,Offerte,Dettaglio offerte con stato documento ed esito,HR,agarilli,Risorse Umane,-,OK,403,,Accesso negato come atteso,/api/processo-offerta/offerte,"{""anni"": ""2026"", ""take"": ""200"", ""profile"": ""Risorse Umane""}"
Processo Offerta,Offerte,Dettaglio offerte con stato documento ed esito,ROU,ascuderi,Responsabile OU,P,OK,200,24,OK,/api/processo-offerta/offerte,"{""anni"": ""2026"", ""take"": ""200"", ""profile"": ""Responsabile OU""}"
Processo Offerta,Sintesi RCC,Sintesi processo offerta per RCC,Sup,Stefano,Supervisore,T,OK,200,29,OK,/api/processo-offerta/sintesi-rcc,"{""anni"": ""2026"", ""profile"": ""Supervisore""}"
Processo Offerta,Sintesi RCC,Sintesi processo offerta per RCC,RC,lamico,Responsabile Commerciale,T,OK,200,29,OK,/api/processo-offerta/sintesi-rcc,"{""anni"": ""2026"", ""profile"": ""Responsabile Commerciale""}"
Processo Offerta,Sintesi RCC,Sintesi processo offerta per RCC,RCC,aaltana,Responsabile Commerciale Commessa,P,OK,200,5,OK,/api/processo-offerta/sintesi-rcc,"{""anni"": ""2026"", ""profile"": ""Responsabile Commerciale Commessa""}"
Processo Offerta,Sintesi RCC,Sintesi processo offerta per RCC,RP,eragusa,Responsabile Produzione,T,OK,200,29,OK,/api/processo-offerta/sintesi-rcc,"{""anni"": ""2026"", ""profile"": ""Responsabile Produzione""}"
Processo Offerta,Sintesi RCC,Sintesi processo offerta per RCC,PM,rguarnaccia,Project Manager,-,OK,403,,Accesso negato come atteso,/api/processo-offerta/sintesi-rcc,"{""anni"": ""2026"", ""profile"": ""Project Manager""}"
Processo Offerta,Sintesi RCC,Sintesi processo offerta per RCC,GPM,ccampione,General Project Manager,-,OK,403,,Accesso negato come atteso,/api/processo-offerta/sintesi-rcc,"{""anni"": ""2026"", ""profile"": ""General Project Manager""}"
Processo Offerta,Sintesi RCC,Sintesi processo offerta per RCC,HR,agarilli,Risorse Umane,-,OK,403,,Accesso negato come atteso,/api/processo-offerta/sintesi-rcc,"{""anni"": ""2026"", ""profile"": ""Risorse Umane""}"
Processo Offerta,Sintesi RCC,Sintesi processo offerta per RCC,ROU,ascuderi,Responsabile OU,P,OK,200,6,OK,/api/processo-offerta/sintesi-rcc,"{""anni"": ""2026"", ""profile"": ""Responsabile OU""}"
Processo Offerta,Sintesi BU,Sintesi processo offerta per BU,Sup,Stefano,Supervisore,T,OK,200,39,OK,/api/processo-offerta/sintesi-bu,"{""anni"": ""2026"", ""profile"": ""Supervisore""}"
Processo Offerta,Sintesi BU,Sintesi processo offerta per BU,RC,lamico,Responsabile Commerciale,T,OK,200,39,OK,/api/processo-offerta/sintesi-bu,"{""anni"": ""2026"", ""profile"": ""Responsabile Commerciale""}"
Processo Offerta,Sintesi BU,Sintesi processo offerta per BU,RCC,aaltana,Responsabile Commerciale Commessa,P,OK,200,15,OK,/api/processo-offerta/sintesi-bu,"{""anni"": ""2026"", ""profile"": ""Responsabile Commerciale Commessa""}"
Processo Offerta,Sintesi BU,Sintesi processo offerta per BU,RP,eragusa,Responsabile Produzione,T,OK,200,39,OK,/api/processo-offerta/sintesi-bu,"{""anni"": ""2026"", ""profile"": ""Responsabile Produzione""}"
Processo Offerta,Sintesi BU,Sintesi processo offerta per BU,PM,rguarnaccia,Project Manager,-,OK,403,,Accesso negato come atteso,/api/processo-offerta/sintesi-bu,"{""anni"": ""2026"", ""profile"": ""Project Manager""}"
Processo Offerta,Sintesi BU,Sintesi processo offerta per BU,GPM,ccampione,General Project Manager,-,OK,403,,Accesso negato come atteso,/api/processo-offerta/sintesi-bu,"{""anni"": ""2026"", ""profile"": ""General Project Manager""}"
Processo Offerta,Sintesi BU,Sintesi processo offerta per BU,HR,agarilli,Risorse Umane,-,OK,403,,Accesso negato come atteso,/api/processo-offerta/sintesi-bu,"{""anni"": ""2026"", ""profile"": ""Risorse Umane""}"
Processo Offerta,Sintesi BU,Sintesi processo offerta per BU,ROU,ascuderi,Responsabile OU,P,OK,200,4,OK,/api/processo-offerta/sintesi-bu,"{""anni"": ""2026"", ""profile"": ""Responsabile OU""}"
Processo Offerta,Percentuale Successo RCC,Percentuale successo offerte per RCC,Sup,Stefano,Supervisore,T,OK,200,29,OK,/api/processo-offerta/sintesi-rcc,"{""anni"": ""2026"", ""profile"": ""Supervisore""}"
Processo Offerta,Percentuale Successo RCC,Percentuale successo offerte per RCC,RC,lamico,Responsabile Commerciale,T,OK,200,29,OK,/api/processo-offerta/sintesi-rcc,"{""anni"": ""2026"", ""profile"": ""Responsabile Commerciale""}"
Processo Offerta,Percentuale Successo RCC,Percentuale successo offerte per RCC,RCC,aaltana,Responsabile Commerciale Commessa,P,OK,200,5,OK,/api/processo-offerta/sintesi-rcc,"{""anni"": ""2026"", ""profile"": ""Responsabile Commerciale Commessa""}"
Processo Offerta,Percentuale Successo RCC,Percentuale successo offerte per RCC,RP,eragusa,Responsabile Produzione,T,OK,200,29,OK,/api/processo-offerta/sintesi-rcc,"{""anni"": ""2026"", ""profile"": ""Responsabile Produzione""}"
Processo Offerta,Percentuale Successo RCC,Percentuale successo offerte per RCC,PM,rguarnaccia,Project Manager,-,OK,403,,Accesso negato come atteso,/api/processo-offerta/sintesi-rcc,"{""anni"": ""2026"", ""profile"": ""Project Manager""}"
Processo Offerta,Percentuale Successo RCC,Percentuale successo offerte per RCC,GPM,ccampione,General Project Manager,-,OK,403,,Accesso negato come atteso,/api/processo-offerta/sintesi-rcc,"{""anni"": ""2026"", ""profile"": ""General Project Manager""}"
Processo Offerta,Percentuale Successo RCC,Percentuale successo offerte per RCC,HR,agarilli,Risorse Umane,-,OK,403,,Accesso negato come atteso,/api/processo-offerta/sintesi-rcc,"{""anni"": ""2026"", ""profile"": ""Risorse Umane""}"
Processo Offerta,Percentuale Successo RCC,Percentuale successo offerte per RCC,ROU,ascuderi,Responsabile OU,P,OK,200,6,OK,/api/processo-offerta/sintesi-rcc,"{""anni"": ""2026"", ""profile"": ""Responsabile OU""}"
Processo Offerta,Percentuale Successo BU,Percentuale successo offerte per BU,Sup,Stefano,Supervisore,T,OK,200,39,OK,/api/processo-offerta/sintesi-bu,"{""anni"": ""2026"", ""profile"": ""Supervisore""}"
Processo Offerta,Percentuale Successo BU,Percentuale successo offerte per BU,RC,lamico,Responsabile Commerciale,T,OK,200,39,OK,/api/processo-offerta/sintesi-bu,"{""anni"": ""2026"", ""profile"": ""Responsabile Commerciale""}"
Processo Offerta,Percentuale Successo BU,Percentuale successo offerte per BU,RCC,aaltana,Responsabile Commerciale Commessa,P,OK,200,15,OK,/api/processo-offerta/sintesi-bu,"{""anni"": ""2026"", ""profile"": ""Responsabile Commerciale Commessa""}"
Processo Offerta,Percentuale Successo BU,Percentuale successo offerte per BU,RP,eragusa,Responsabile Produzione,T,OK,200,39,OK,/api/processo-offerta/sintesi-bu,"{""anni"": ""2026"", ""profile"": ""Responsabile Produzione""}"
Processo Offerta,Percentuale Successo BU,Percentuale successo offerte per BU,PM,rguarnaccia,Project Manager,-,OK,403,,Accesso negato come atteso,/api/processo-offerta/sintesi-bu,"{""anni"": ""2026"", ""profile"": ""Project Manager""}"
Processo Offerta,Percentuale Successo BU,Percentuale successo offerte per BU,GPM,ccampione,General Project Manager,-,OK,403,,Accesso negato come atteso,/api/processo-offerta/sintesi-bu,"{""anni"": ""2026"", ""profile"": ""General Project Manager""}"
Processo Offerta,Percentuale Successo BU,Percentuale successo offerte per BU,HR,agarilli,Risorse Umane,-,OK,403,,Accesso negato come atteso,/api/processo-offerta/sintesi-bu,"{""anni"": ""2026"", ""profile"": ""Risorse Umane""}"
Processo Offerta,Percentuale Successo BU,Percentuale successo offerte per BU,ROU,ascuderi,Responsabile OU,P,OK,200,4,OK,/api/processo-offerta/sintesi-bu,"{""anni"": ""2026"", ""profile"": ""Responsabile OU""}"
Processo Offerta,Incidenza RCC,Incidenza risultato RCC sul totale annuo,Sup,Stefano,Supervisore,T,OK,200,29,OK,/api/processo-offerta/sintesi-rcc,"{""anni"": ""2026"", ""profile"": ""Supervisore""}"
Processo Offerta,Incidenza RCC,Incidenza risultato RCC sul totale annuo,RC,lamico,Responsabile Commerciale,T,OK,200,29,OK,/api/processo-offerta/sintesi-rcc,"{""anni"": ""2026"", ""profile"": ""Responsabile Commerciale""}"
Processo Offerta,Incidenza RCC,Incidenza risultato RCC sul totale annuo,RCC,aaltana,Responsabile Commerciale Commessa,P,OK,200,5,OK,/api/processo-offerta/sintesi-rcc,"{""anni"": ""2026"", ""profile"": ""Responsabile Commerciale Commessa""}"
Processo Offerta,Incidenza RCC,Incidenza risultato RCC sul totale annuo,RP,eragusa,Responsabile Produzione,T,OK,200,29,OK,/api/processo-offerta/sintesi-rcc,"{""anni"": ""2026"", ""profile"": ""Responsabile Produzione""}"
Processo Offerta,Incidenza RCC,Incidenza risultato RCC sul totale annuo,PM,rguarnaccia,Project Manager,-,OK,403,,Accesso negato come atteso,/api/processo-offerta/sintesi-rcc,"{""anni"": ""2026"", ""profile"": ""Project Manager""}"
Processo Offerta,Incidenza RCC,Incidenza risultato RCC sul totale annuo,GPM,ccampione,General Project Manager,-,OK,403,,Accesso negato come atteso,/api/processo-offerta/sintesi-rcc,"{""anni"": ""2026"", ""profile"": ""General Project Manager""}"
Processo Offerta,Incidenza RCC,Incidenza risultato RCC sul totale annuo,HR,agarilli,Risorse Umane,-,OK,403,,Accesso negato come atteso,/api/processo-offerta/sintesi-rcc,"{""anni"": ""2026"", ""profile"": ""Risorse Umane""}"
Processo Offerta,Incidenza RCC,Incidenza risultato RCC sul totale annuo,ROU,ascuderi,Responsabile OU,P,OK,200,6,OK,/api/processo-offerta/sintesi-rcc,"{""anni"": ""2026"", ""profile"": ""Responsabile OU""}"
Processo Offerta,Incidenza BU,Incidenza risultato BU sul totale annuo,Sup,Stefano,Supervisore,T,OK,200,39,OK,/api/processo-offerta/sintesi-bu,"{""anni"": ""2026"", ""profile"": ""Supervisore""}"
Processo Offerta,Incidenza BU,Incidenza risultato BU sul totale annuo,RC,lamico,Responsabile Commerciale,T,OK,200,39,OK,/api/processo-offerta/sintesi-bu,"{""anni"": ""2026"", ""profile"": ""Responsabile Commerciale""}"
Processo Offerta,Incidenza BU,Incidenza risultato BU sul totale annuo,RCC,aaltana,Responsabile Commerciale Commessa,P,OK,200,15,OK,/api/processo-offerta/sintesi-bu,"{""anni"": ""2026"", ""profile"": ""Responsabile Commerciale Commessa""}"
Processo Offerta,Incidenza BU,Incidenza risultato BU sul totale annuo,RP,eragusa,Responsabile Produzione,T,OK,200,39,OK,/api/processo-offerta/sintesi-bu,"{""anni"": ""2026"", ""profile"": ""Responsabile Produzione""}"
Processo Offerta,Incidenza BU,Incidenza risultato BU sul totale annuo,PM,rguarnaccia,Project Manager,-,OK,403,,Accesso negato come atteso,/api/processo-offerta/sintesi-bu,"{""anni"": ""2026"", ""profile"": ""Project Manager""}"
Processo Offerta,Incidenza BU,Incidenza risultato BU sul totale annuo,GPM,ccampione,General Project Manager,-,OK,403,,Accesso negato come atteso,/api/processo-offerta/sintesi-bu,"{""anni"": ""2026"", ""profile"": ""General Project Manager""}"
Processo Offerta,Incidenza BU,Incidenza risultato BU sul totale annuo,HR,agarilli,Risorse Umane,-,OK,403,,Accesso negato come atteso,/api/processo-offerta/sintesi-bu,"{""anni"": ""2026"", ""profile"": ""Risorse Umane""}"
Processo Offerta,Incidenza BU,Incidenza risultato BU sul totale annuo,ROU,ascuderi,Responsabile OU,P,OK,200,4,OK,/api/processo-offerta/sintesi-bu,"{""anni"": ""2026"", ""profile"": ""Responsabile OU""}"
Dati Contabili,Vendite,Elenco fatture/ricavi con filtri contabili e commessa,Sup,Stefano,Supervisore,T,OK,200,100,OK,/api/dati-contabili/vendite,"{""anni"": ""2026"", ""take"": ""100"", ""profile"": ""Supervisore""}"
Dati Contabili,Vendite,Elenco fatture/ricavi con filtri contabili e commessa,RC,lamico,Responsabile Commerciale,T,OK,200,100,OK,/api/dati-contabili/vendite,"{""anni"": ""2026"", ""take"": ""100"", ""profile"": ""Responsabile Commerciale""}"
Dati Contabili,Vendite,Elenco fatture/ricavi con filtri contabili e commessa,RCC,aaltana,Responsabile Commerciale Commessa,P,OK,200,100,OK,/api/dati-contabili/vendite,"{""anni"": ""2026"", ""take"": ""100"", ""profile"": ""Responsabile Commerciale Commessa""}"
Dati Contabili,Vendite,Elenco fatture/ricavi con filtri contabili e commessa,RP,eragusa,Responsabile Produzione,T,OK,200,100,OK,/api/dati-contabili/vendite,"{""anni"": ""2026"", ""take"": ""100"", ""profile"": ""Responsabile Produzione""}"
Dati Contabili,Vendite,Elenco fatture/ricavi con filtri contabili e commessa,PM,rguarnaccia,Project Manager,P,OK,200,3,OK,/api/dati-contabili/vendite,"{""anni"": ""2026"", ""take"": ""100"", ""profile"": ""Project Manager""}"
Dati Contabili,Vendite,Elenco fatture/ricavi con filtri contabili e commessa,GPM,ccampione,General Project Manager,T,OK,200,100,OK,/api/dati-contabili/vendite,"{""anni"": ""2026"", ""take"": ""100"", ""profile"": ""General Project Manager""}"
Dati Contabili,Vendite,Elenco fatture/ricavi con filtri contabili e commessa,HR,agarilli,Risorse Umane,-,OK,403,,Accesso negato come atteso,/api/dati-contabili/vendite,"{""anni"": ""2026"", ""take"": ""100"", ""profile"": ""Risorse Umane""}"
Dati Contabili,Vendite,Elenco fatture/ricavi con filtri contabili e commessa,ROU,ascuderi,Responsabile OU,P,OK,200,52,OK,/api/dati-contabili/vendite,"{""anni"": ""2026"", ""take"": ""100"", ""profile"": ""Responsabile OU""}"
Dati Contabili,Acquisti,Elenco fatture passive con filtri contabili e commessa,Sup,Stefano,Supervisore,T,OK,200,100,OK,/api/dati-contabili/acquisti,"{""anni"": ""2026"", ""take"": ""100"", ""profile"": ""Supervisore""}"
Dati Contabili,Acquisti,Elenco fatture passive con filtri contabili e commessa,RC,lamico,Responsabile Commerciale,T,OK,200,100,OK,/api/dati-contabili/acquisti,"{""anni"": ""2026"", ""take"": ""100"", ""profile"": ""Responsabile Commerciale""}"
Dati Contabili,Acquisti,Elenco fatture passive con filtri contabili e commessa,RCC,aaltana,Responsabile Commerciale Commessa,P,OK,200,12,OK,/api/dati-contabili/acquisti,"{""anni"": ""2026"", ""take"": ""100"", ""profile"": ""Responsabile Commerciale Commessa""}"
Dati Contabili,Acquisti,Elenco fatture passive con filtri contabili e commessa,RP,eragusa,Responsabile Produzione,T,OK,200,100,OK,/api/dati-contabili/acquisti,"{""anni"": ""2026"", ""take"": ""100"", ""profile"": ""Responsabile Produzione""}"
Dati Contabili,Acquisti,Elenco fatture passive con filtri contabili e commessa,PM,rguarnaccia,Project Manager,P,OK,200,3,OK,/api/dati-contabili/acquisti,"{""anni"": ""2026"", ""take"": ""100"", ""profile"": ""Project Manager""}"
Dati Contabili,Acquisti,Elenco fatture passive con filtri contabili e commessa,GPM,ccampione,General Project Manager,T,OK,200,100,OK,/api/dati-contabili/acquisti,"{""anni"": ""2026"", ""take"": ""100"", ""profile"": ""General Project Manager""}"
Dati Contabili,Acquisti,Elenco fatture passive con filtri contabili e commessa,HR,agarilli,Risorse Umane,-,OK,403,,Accesso negato come atteso,/api/dati-contabili/acquisti,"{""anni"": ""2026"", ""take"": ""100"", ""profile"": ""Risorse Umane""}"
Dati Contabili,Acquisti,Elenco fatture passive con filtri contabili e commessa,ROU,ascuderi,Responsabile OU,P,OK,200,86,OK,/api/dati-contabili/acquisti,"{""anni"": ""2026"", ""take"": ""100"", ""profile"": ""Responsabile OU""}"
